name,draft_year,draft_pick,y1_pts,y1_reb,y1_ast,y1_fg_pct,y1_fg3_pct,y1_ft_pct,y1_min,y1_tov,y2_pts,y2_reb,y2_ast,y2_fg_pct,y2_fg3_pct,y2_ft_pct,y2_min,y2_tov,y5_pts,y5_reb,y5_ast,y5_fg_pct,y5_fg3_pct,y5_ft_pct,y5_min,y5_tov
AJ Griffin,2022,16,8.9,2.1,1.0,0.465,0.39,0.894,19.5,0.6,2.4,0.9,0.3,0.29,0.256,1.0,8.6,0.4,,,,,,,,
Aaron Gordon,2014,4,5.2,3.6,0.7,0.447,0.271,0.721,17.0,0.8,9.2,6.5,1.6,0.473,0.296,0.668,23.9,0.8,16.0,7.4,3.7,0.449,0.349,0.731,33.8,2.1
Aaron Holiday,2018,23,5.9,1.3,1.7,0.401,0.339,0.82,12.9,0.8,9.5,2.4,3.4,0.414,0.394,0.851,24.5,1.3,3.9,1.2,1.4,0.418,0.409,0.844,13.4,0.6
Aaron Nesmith,2020,14,4.7,2.8,0.5,0.438,0.37,0.786,14.5,0.5,3.8,1.7,0.4,0.396,0.27,0.808,11.0,0.6,12.0,4.0,1.2,0.507,0.431,0.912,24.9,0.8
Aaron Wiggins,2021,55,8.3,3.6,1.4,0.463,0.304,0.729,24.2,1.1,6.8,3.0,1.1,0.512,0.393,0.831,18.5,0.8,10.6,3.5,1.8,0.444,0.387,0.735,23.8,1.3
Abdel Nader,2016,58,,,,,,,,,3.0,1.5,0.5,0.336,0.354,0.59,10.9,0.7,6.7,2.6,0.8,0.491,0.419,0.757,14.8,0.8
Admiral Schofield,2019,42,3.0,1.4,0.5,0.38,0.311,0.667,11.2,0.2,,,,,,,,,1.1,0.7,0.3,0.385,0.375,0.0,3.7,0.2
Adreian Payne,2014,15,1.7,1.3,0.0,0.286,0.0,0.5,6.3,0.0,2.5,2.1,0.6,0.366,0.281,0.654,9.3,0.7,,,,,,,,
Aleksej Pokusevski,2020,17,8.2,4.7,2.2,0.341,0.28,0.738,24.2,2.2,7.6,5.2,2.1,0.408,0.289,0.7,20.2,1.5,,,,,,,,
Alen Smailagic,2019,39,4.2,1.9,0.9,0.5,0.231,0.842,9.9,0.8,1.9,1.1,0.3,0.407,0.4,0.333,5.6,0.3,,,,,,,,
Alex Len,2013,5,2.0,2.4,0.1,0.423,0.0,0.645,8.6,0.6,6.3,6.6,0.5,0.507,0.333,0.702,22.0,1.1,8.5,7.5,1.2,0.566,0.333,0.684,20.2,1.1
Alize Johnson,2018,50,0.9,1.4,0.1,0.25,0.5,0.5,4.6,0.0,2.0,2.8,0.4,0.414,0.375,0.7,6.9,0.4,1.8,2.5,0.3,0.5,0.0,0.5,7.5,1.0
Allen Crabbe,2013,31,2.2,0.6,0.4,0.364,0.429,0.75,6.7,0.2,3.3,1.4,0.8,0.412,0.353,0.75,13.4,0.3,13.2,4.3,1.6,0.407,0.378,0.852,29.3,1.0
Alperen Sengun,2021,16,9.6,5.5,2.6,0.474,0.248,0.711,20.7,2.0,14.8,9.0,3.9,0.553,0.333,0.715,28.9,2.6,20.7,9.4,6.3,0.497,0.299,0.691,33.9,3.2
Andre Drummond,2012,9,7.9,7.6,0.5,0.608,0.5,0.371,20.7,1.0,13.5,13.2,0.4,0.623,0.0,0.418,32.3,1.4,13.6,13.8,1.1,0.53,0.286,0.386,29.7,1.9
Andre Roberson,2013,26,1.9,2.4,0.4,0.485,0.154,0.7,10.0,0.5,3.4,3.8,1.0,0.458,0.247,0.479,19.2,0.7,5.0,4.7,1.2,0.537,0.222,0.316,26.6,0.8
Andrew Nembhard,2022,31,9.5,2.7,4.5,0.441,0.35,0.79,27.7,1.7,9.2,2.1,4.1,0.498,0.357,0.804,25.0,1.5,,,,,,,,
Andrew Wiggins,2014,1,16.9,4.6,2.1,0.437,0.31,0.76,36.2,2.2,20.7,3.6,2.0,0.459,0.3,0.761,35.1,2.2,18.1,4.8,2.5,0.412,0.339,0.699,34.8,1.9
Anfernee Simons,2018,24,3.8,0.7,0.7,0.444,0.345,0.563,7.1,0.6,8.3,2.2,1.4,0.399,0.332,0.826,20.7,0.9,21.1,2.6,4.1,0.447,0.377,0.894,35.0,2.1
Anthony Bennett,2013,1,4.2,3.0,0.3,0.356,0.245,0.638,12.8,0.9,5.2,3.8,0.8,0.421,0.304,0.641,15.7,0.6,,,,,,,,
Anthony Brown,2015,34,4.0,2.4,0.7,0.31,0.286,0.85,20.7,0.5,3.8,2.9,0.7,0.341,0.25,0.0,15.9,0.6,,,,,,,,
Anthony Davis,2012,1,13.5,8.2,1.0,0.516,0.0,0.751,28.8,1.4,20.8,10.0,1.6,0.519,0.222,0.791,35.2,1.6,28.0,11.8,2.1,0.505,0.299,0.802,36.1,2.4
Anthony Edwards,2020,1,19.3,4.7,2.9,0.417,0.329,0.776,32.1,2.2,21.3,4.8,3.8,0.441,0.357,0.786,34.3,2.6,27.6,5.7,4.5,0.447,0.395,0.837,36.3,3.2
Archie Goodwin,2013,29,3.7,1.7,0.4,0.455,0.139,0.673,10.3,0.8,5.6,1.8,1.1,0.393,0.293,0.735,13.0,1.2,,,,,,,,
Austin Rivers,2012,10,6.2,1.8,2.1,0.372,0.326,0.546,23.2,1.2,7.7,1.9,2.3,0.405,0.364,0.636,19.4,1.1,12.0,2.2,2.8,0.442,0.371,0.691,27.8,1.6
Ayo Dosunmu,2021,38,8.8,2.8,3.3,0.52,0.376,0.679,27.4,1.4,8.6,2.8,2.6,0.493,0.312,0.805,26.2,1.2,15.0,3.0,3.6,0.514,0.451,0.857,26.4,1.4
Bam Adebayo,2017,14,6.9,5.5,1.5,0.512,0.0,0.721,19.8,1.0,8.9,7.3,2.2,0.576,0.2,0.735,23.3,1.5,19.1,10.1,3.4,0.557,0.0,0.753,32.6,2.6
Ben McLemore,2013,7,8.8,2.9,1.0,0.376,0.32,0.804,26.7,1.2,12.1,2.9,1.7,0.437,0.358,0.813,32.6,1.7,7.5,2.5,0.9,0.421,0.346,0.828,19.5,1.1
Ben Simmons,2016,1,,,,,,,,,15.8,8.1,8.2,0.545,0.0,0.56,33.7,3.4,14.3,7.2,6.9,0.557,0.3,0.613,32.4,3.0
Bennedict Mathurin,2022,6,16.7,4.1,1.5,0.434,0.323,0.828,28.5,1.9,14.5,4.0,2.0,0.446,0.374,0.821,26.1,1.6,,,,,,,,
Blake Wesley,2022,25,5.0,2.2,2.6,0.321,0.385,0.591,18.1,1.8,4.4,1.5,2.7,0.474,0.218,0.667,14.4,0.9,,,,,,,,
Bobby Portis,2015,22,7.0,5.4,0.8,0.427,0.308,0.727,17.8,0.9,6.8,4.6,0.5,0.488,0.333,0.661,15.6,0.6,10.1,5.1,1.5,0.45,0.358,0.763,21.1,1.1
Bol Bol,2019,44,5.7,2.7,0.9,0.5,0.444,0.8,12.4,1.4,2.2,0.8,0.2,0.431,0.375,0.667,5.0,0.4,5.2,3.2,0.4,0.616,0.423,0.789,10.9,0.4
Bones Hyland,2021,26,10.1,2.7,2.8,0.403,0.366,0.856,19.0,1.2,12.1,2.0,3.0,0.399,0.378,0.866,19.5,1.6,7.3,1.7,2.6,0.466,0.384,0.711,14.8,0.9
Bradley Beal,2012,3,13.9,3.8,2.4,0.41,0.386,0.786,31.2,1.6,17.1,3.7,3.3,0.419,0.402,0.788,34.7,1.8,23.1,3.1,3.5,0.482,0.404,0.825,34.9,2.0
Brandon Clarke,2019,21,12.1,5.9,1.4,0.618,0.359,0.759,22.4,0.9,10.3,5.6,1.6,0.517,0.26,0.69,24.0,0.6,11.3,5.3,1.5,0.559,0.167,0.143,22.3,0.5
Brandon Ingram,2016,2,9.4,4.0,2.1,0.402,0.294,0.621,28.8,1.5,16.1,5.3,3.9,0.47,0.39,0.681,33.5,2.5,23.8,4.9,4.9,0.466,0.381,0.878,34.3,2.5
Brice Johnson,2016,25,1.3,1.0,0.3,0.286,0.0,0.0,3.0,0.3,1.8,1.4,0.1,0.636,0.0,1.0,4.2,0.4,,,,,,,,
Bruce Brown,2018,42,4.3,2.5,1.2,0.398,0.258,0.75,19.6,0.6,8.9,4.7,4.0,0.443,0.344,0.739,28.2,1.7,11.5,4.1,3.4,0.483,0.358,0.758,28.5,1.5
Bruno Caboclo,2014,20,1.3,0.3,0.0,0.333,0.667,0.0,2.9,0.5,0.5,0.3,0.2,0.083,0.143,0.0,7.2,0.7,8.3,4.6,1.5,0.427,0.369,0.84,23.5,1.1
Bruno Fernando,2019,34,4.3,3.5,0.9,0.518,0.135,0.569,12.7,0.8,1.5,2.4,0.3,0.409,0.0,0.682,6.8,0.6,6.3,4.3,1.0,0.583,0.0,0.667,15.2,1.0
Bryce McGowens,2022,40,5.3,2.0,1.2,0.396,0.325,0.75,17.1,0.9,5.1,1.7,0.9,0.439,0.333,0.776,14.9,0.5,,,,,,,,
Buddy Hield,2016,6,8.6,2.9,1.4,0.393,0.369,0.879,20.4,0.8,13.5,3.8,1.9,0.446,0.431,0.877,25.3,1.6,16.6,4.7,3.6,0.406,0.391,0.846,34.3,1.8
C.J. Wilcox,2014,28,2.0,0.3,0.4,0.421,0.368,1.0,4.8,0.5,3.0,0.5,0.4,0.394,0.391,0.75,7.3,0.1,,,,,,,,
CJ Elleby,2020,46,2.3,1.1,0.3,0.379,0.206,0.733,6.4,0.2,5.8,3.9,1.5,0.393,0.294,0.714,20.2,1.0,,,,,,,,
CJ McCollum,2013,10,5.3,1.3,0.7,0.416,0.375,0.676,12.5,0.9,6.8,1.5,1.0,0.436,0.396,0.699,15.7,0.8,21.4,4.0,3.4,0.443,0.397,0.836,36.1,1.9
Cade Cunningham,2021,1,17.4,5.5,5.6,0.416,0.314,0.845,32.6,3.7,19.9,6.2,6.0,0.415,0.279,0.837,33.3,3.3,25.3,5.6,9.6,0.462,0.33,0.808,34.9,3.7
Caleb Houstan,2022,32,3.8,1.9,0.6,0.363,0.338,0.833,15.9,0.4,4.3,1.4,0.5,0.388,0.373,0.808,13.8,0.3,,,,,,,,
Caleb Swanigan,2017,26,2.3,2.0,0.5,0.4,0.125,0.667,7.0,0.7,1.9,2.9,0.4,0.318,0.2,0.857,8.1,0.9,,,,,,,,
Cam Reddish,2019,10,10.5,3.7,1.5,0.384,0.332,0.802,26.7,1.7,11.2,4.0,1.3,0.365,0.262,0.817,28.8,1.3,5.4,2.1,1.0,0.389,0.336,0.759,20.5,0.6
Cameron Bairstow,2014,49,0.6,0.4,0.1,0.214,0.0,0.8,3.6,0.2,1.9,1.6,0.3,0.325,0.2,0.875,5.7,0.2,,,,,,,,
Cameron Johnson,2019,11,8.8,3.3,1.2,0.435,0.39,0.807,22.0,0.6,9.6,3.3,1.4,0.42,0.349,0.847,24.0,0.7,13.4,4.3,2.4,0.446,0.391,0.789,27.6,1.0
Cameron Payne,2015,14,5.0,1.5,1.9,0.41,0.324,0.792,12.2,0.8,5.3,1.6,2.0,0.331,0.308,1.0,16.0,0.8,10.9,3.9,3.0,0.485,0.517,0.857,22.9,1.4
Caris LeVert,2016,20,8.2,3.3,1.9,0.45,0.321,0.72,21.7,1.0,12.1,3.7,4.2,0.435,0.347,0.711,26.3,2.2,18.5,4.3,6.0,0.435,0.349,0.765,27.8,2.2
Carsen Edwards,2019,33,3.3,1.3,0.6,0.328,0.316,0.684,9.5,0.4,4.0,0.8,0.5,0.423,0.286,0.846,8.9,0.2,,,,,,,,
Cassius Stanley,2020,54,1.5,0.8,0.0,0.302,0.231,0.778,3.9,0.0,5.8,2.1,0.4,0.413,0.235,1.0,17.2,0.7,,,,,,,,
Cassius Winston,2020,53,1.9,0.4,0.5,0.424,0.471,0.833,4.5,0.2,2.0,0.1,1.0,0.364,0.333,1.0,5.6,0.4,,,,,,,,
Chandler Hutchison,2018,22,5.2,4.2,0.8,0.459,0.28,0.605,20.3,0.6,7.8,3.9,0.9,0.457,0.316,0.59,18.8,1.0,,,,,,,,
Charles Bassey,2021,53,3.0,2.7,0.3,0.638,0.0,0.75,7.3,0.3,5.7,5.5,1.4,0.644,0.375,0.595,14.5,1.2,3.5,7.5,1.0,0.375,0.0,0.333,15.5,0.5
Cheick Diallo,2016,33,5.1,4.3,0.2,0.474,0.0,0.714,11.7,0.4,4.9,4.1,0.4,0.58,0.0,0.758,11.2,0.5,,,,,,,,
Chimezie Metu,2018,49,1.8,1.2,0.4,0.328,0.0,0.765,5.0,0.5,3.2,1.8,0.6,0.571,0.0,0.769,5.8,0.6,4.9,3.0,0.6,0.589,0.237,0.74,10.4,0.5
Chinanu Onuaku,2016,37,2.8,2.0,0.6,0.714,0.0,1.0,10.4,0.8,4.0,4.0,1.0,0.4,0.0,0.0,22.0,3.0,,,,,,,,
Chris Duarte,2021,13,13.1,4.1,2.1,0.432,0.369,0.804,28.0,1.6,7.9,2.5,1.4,0.369,0.316,0.847,19.5,0.9,,,,,,,,
Chris McCullough,2015,29,4.7,2.8,0.4,0.404,0.382,0.478,15.1,0.6,2.5,1.2,0.1,0.516,0.167,0.667,5.1,0.1,,,,,,,,
Christian Braun,2022,21,4.7,2.4,0.8,0.495,0.354,0.625,15.5,0.5,7.3,3.7,1.6,0.46,0.384,0.694,20.2,0.7,,,,,,,,
Chuma Okeke,2019,16,,,,,,,,,7.8,4.0,2.2,0.417,0.348,0.75,25.2,0.8,2.3,1.7,0.4,0.357,0.28,0.571,9.2,0.3
Cleanthony Early,2014,34,5.4,2.5,0.9,0.355,0.262,0.75,16.6,1.0,1.8,1.5,0.4,0.3,0.267,0.75,9.1,0.5,,,,,,,,
Clint Capela,2014,25,2.7,3.0,0.2,0.483,0.0,0.174,7.5,0.4,7.0,6.4,0.6,0.582,0.0,0.379,19.1,0.8,16.6,12.7,1.4,0.648,0.0,0.636,33.6,1.4
Coby White,2019,7,13.2,3.5,2.7,0.394,0.354,0.791,25.8,1.7,15.1,4.1,4.8,0.416,0.359,0.901,31.2,2.3,19.1,4.5,5.1,0.447,0.376,0.838,36.5,2.1
Cody Martin,2019,36,5.0,3.3,2.0,0.43,0.234,0.646,18.8,0.9,4.0,3.1,1.7,0.441,0.276,0.581,16.3,0.8,7.5,3.9,3.7,0.381,0.314,0.606,26.9,1.6
Cody Zeller,2013,4,6.0,4.3,1.1,0.426,0.0,0.73,17.3,1.1,7.6,5.8,1.6,0.461,1.0,0.774,24.0,1.0,7.1,5.4,0.9,0.545,0.667,0.718,19.0,1.0
Cole Anthony,2020,15,12.9,4.7,4.1,0.397,0.337,0.832,27.1,2.3,16.3,5.4,5.7,0.391,0.338,0.854,31.7,2.6,9.4,3.0,2.9,0.424,0.353,0.823,18.4,1.5
Collin Sexton,2018,8,16.7,2.9,3.0,0.43,0.402,0.839,31.8,2.3,20.8,3.1,3.0,0.472,0.38,0.846,33.0,2.4,14.3,2.2,2.9,0.506,0.393,0.819,23.9,1.8
Corey Kispert,2021,15,8.2,2.7,1.1,0.455,0.35,0.871,23.4,0.6,11.1,2.8,1.2,0.497,0.424,0.852,28.3,0.7,9.2,2.3,1.7,0.496,0.395,0.765,19.5,0.7
Cory Jefferson,2014,60,3.7,2.9,0.3,0.449,0.133,0.574,10.6,0.4,2.8,2.0,0.0,0.409,0.0,0.667,6.3,0.0,,,,,,,,
D'Angelo Russell,2015,2,13.2,3.4,3.3,0.41,0.351,0.737,28.2,2.5,15.6,3.5,4.8,0.405,0.352,0.782,28.7,2.8,23.6,3.7,6.2,0.43,0.374,0.785,32.1,3.1
D.J. Wilson,2017,17,1.0,0.5,0.1,0.563,0.4,0.5,3.2,0.2,5.8,4.6,1.1,0.414,0.362,0.553,18.4,0.7,7.5,4.0,1.3,0.733,0.0,0.8,13.5,0.5
Dalano Banton,2021,46,3.2,1.9,1.5,0.411,0.255,0.591,10.9,0.8,4.6,1.5,1.2,0.423,0.294,0.708,9.0,0.6,3.0,0.5,1.0,0.75,0.0,0.0,5.0,0.5
Dalen Terry,2022,18,2.2,1.0,0.6,0.444,0.259,0.667,5.6,0.2,3.1,1.9,1.4,0.439,0.23,0.581,11.5,0.5,,,,,,,,
Damian Jones,2016,30,1.9,2.3,0.0,0.5,0.0,0.3,8.5,0.6,1.7,0.9,0.1,0.5,0.0,0.6,5.9,0.3,1.6,1.3,0.3,0.5,0.0,0.545,6.7,0.4
Damyean Dotson,2017,44,4.1,1.9,0.7,0.447,0.324,0.696,10.8,0.4,10.7,3.6,1.8,0.415,0.368,0.745,27.5,1.0,2.0,1.0,0.5,0.5,0.0,0.0,10.5,0.0
Daniel Gafford,2019,38,5.1,2.5,0.5,0.701,0.0,0.533,14.2,0.7,4.7,3.3,0.5,0.69,0.0,0.659,12.4,0.7,10.9,8.0,1.5,0.69,0.0,0.706,26.5,1.0
Daniel Oturu,2020,33,1.8,1.6,0.3,0.423,0.2,0.75,5.4,0.3,3.0,1.7,0.0,0.5,0.0,0.6,9.0,0.0,,,,,,,,
Dante Exum,2014,5,4.8,1.6,2.4,0.349,0.314,0.625,22.2,1.4,,,,,,,,,6.9,1.6,2.6,0.419,0.29,0.791,15.8,1.2
Darius Bazley,2019,23,5.6,4.0,0.7,0.394,0.348,0.694,18.5,0.7,13.7,7.2,1.8,0.396,0.29,0.702,31.2,2.2,0.0,0.3,0.7,0.0,0.0,0.0,3.3,0.3
Darius Garland,2019,5,12.3,1.9,3.9,0.401,0.355,0.875,30.9,2.6,17.4,2.4,6.1,0.451,0.395,0.848,33.1,3.0,18.0,2.7,6.5,0.446,0.371,0.834,33.3,3.1
Darrun Hilliard,2015,38,4.0,1.2,0.7,0.397,0.38,0.725,10.1,0.5,3.3,0.8,0.8,0.373,0.261,0.75,9.8,0.7,,,,,,,,
David Roddy,2022,23,6.7,2.8,0.8,0.429,0.307,0.631,18.0,0.8,8.4,4.2,1.6,0.402,0.301,0.687,23.2,1.1,,,,,,,,
Davion Mitchell,2021,9,11.5,2.2,4.2,0.418,0.316,0.659,27.7,1.5,5.6,1.3,2.3,0.454,0.32,0.806,18.1,0.8,9.0,2.5,7.0,0.468,0.401,0.66,28.9,1.6
Davon Reed,2017,32,3.0,1.9,0.6,0.289,0.289,0.667,11.5,0.5,1.2,0.6,0.3,0.417,0.5,0.0,4.7,0.1,4.4,2.3,1.1,0.503,0.43,0.667,13.9,0.3
Day'Ron Sharpe,2021,29,6.2,5.0,0.5,0.577,0.286,0.585,12.2,0.9,4.7,4.2,0.8,0.544,0.545,0.636,11.5,0.9,8.5,6.7,2.3,0.611,0.219,0.679,18.5,1.6
De'Aaron Fox,2017,5,11.6,2.8,4.4,0.412,0.307,0.723,27.8,2.4,17.3,3.8,7.3,0.458,0.371,0.727,31.4,2.8,23.2,3.9,5.6,0.473,0.297,0.75,35.3,2.8
De'Andre Hunter,2019,4,12.3,4.5,1.8,0.41,0.355,0.764,32.0,1.6,15.0,4.8,1.9,0.484,0.326,0.859,29.5,1.3,15.6,3.9,1.5,0.459,0.385,0.847,29.5,1.5
De'Anthony Melton,2018,46,5.0,2.7,3.2,0.391,0.305,0.75,19.7,1.5,7.6,3.7,2.9,0.401,0.286,0.769,19.5,1.4,10.1,4.1,2.6,0.425,0.39,0.793,27.9,1.3
DeAndre' Bembry,2016,21,2.7,1.6,0.7,0.48,0.056,0.375,9.8,0.4,5.2,2.8,1.9,0.414,0.367,0.576,17.5,1.8,5.7,2.9,2.1,0.513,0.264,0.682,19.1,1.4
Deandre Ayton,2018,1,16.3,10.3,1.8,0.585,0.0,0.746,30.7,1.8,18.2,11.5,1.9,0.546,0.231,0.753,32.5,2.1,18.0,10.0,1.7,0.589,0.292,0.76,30.4,1.8
Dejounte Murray,2016,29,3.4,1.1,1.3,0.431,0.391,0.7,8.5,1.0,8.1,5.7,2.9,0.443,0.265,0.709,21.5,1.7,15.7,7.1,5.4,0.453,0.317,0.791,31.9,1.7
Delon Wright,2015,20,3.8,1.4,1.1,0.45,0.385,0.743,8.5,0.6,5.6,1.8,2.1,0.422,0.333,0.764,16.5,0.9,6.9,3.8,3.3,0.462,0.37,0.77,21.5,1.0
Demetrius Jackson,2016,45,2.0,0.8,0.6,0.75,1.0,0.5,3.4,0.0,0.7,0.9,0.4,0.286,0.0,0.0,5.3,0.8,,,,,,,,
Deni Avdija,2020,9,6.3,4.9,1.2,0.417,0.315,0.644,23.3,0.6,8.4,5.2,2.0,0.432,0.317,0.757,24.2,1.1,16.9,7.3,3.9,0.476,0.365,0.78,30.0,2.7
Dennis Schröder,2013,17,3.7,1.2,1.9,0.383,0.238,0.674,13.1,1.2,10.0,2.1,4.1,0.427,0.351,0.827,19.7,1.9,19.4,3.1,6.2,0.436,0.29,0.849,31.0,2.7
Dennis Smith Jr.,2017,9,15.2,3.8,5.2,0.395,0.313,0.694,29.7,2.8,12.9,3.0,4.3,0.44,0.344,0.695,28.4,3.1,5.6,2.4,3.6,0.418,0.222,0.656,17.3,1.4
Denzel Valentine,2016,14,5.1,2.6,1.1,0.354,0.351,0.778,17.1,0.9,10.2,5.1,3.2,0.417,0.386,0.745,27.2,1.3,6.5,3.2,1.7,0.373,0.331,0.941,16.7,0.7
Derrick White,2017,29,3.2,1.5,0.5,0.485,0.615,0.7,8.2,0.4,9.9,3.7,3.9,0.479,0.338,0.772,25.8,1.4,14.4,3.5,5.6,0.426,0.314,0.869,30.3,1.8
Desmond Bane,2020,30,9.2,3.1,1.7,0.469,0.432,0.816,22.3,0.9,18.2,4.4,2.7,0.461,0.436,0.903,29.8,1.5,19.2,6.1,5.3,0.484,0.392,0.894,32.0,2.4
Devin Booker,2015,13,13.8,2.5,2.6,0.423,0.343,0.84,27.7,2.1,22.1,3.2,3.4,0.423,0.363,0.832,35.0,3.1,26.6,4.2,6.5,0.489,0.354,0.919,35.9,3.8
Devin Vassell,2020,11,5.5,2.8,0.9,0.406,0.347,0.843,17.0,0.4,12.3,4.3,1.9,0.427,0.361,0.838,27.3,0.8,16.3,4.0,2.9,0.443,0.368,0.792,31.0,1.4
Devonte' Graham,2018,34,4.7,1.4,2.6,0.343,0.281,0.761,14.7,0.7,18.2,3.4,7.5,0.382,0.373,0.82,35.1,2.9,5.3,1.4,2.2,0.368,0.347,0.746,15.3,0.5
Devyn Marble,2014,56,2.3,1.9,1.1,0.318,0.182,0.313,13.0,0.6,2.1,1.4,0.4,0.296,0.25,0.417,8.9,0.3,,,,,,,,
Deyonta Davis,2016,31,1.6,1.7,0.1,0.511,0.0,0.556,6.6,0.2,5.8,4.0,0.6,0.608,0.0,0.667,15.2,0.5,,,,,,,,
Dillon Brooks,2017,45,11.0,3.1,1.6,0.44,0.356,0.747,28.7,1.5,7.5,1.7,0.9,0.402,0.375,0.733,18.3,1.1,18.4,3.2,2.8,0.432,0.309,0.849,27.7,1.6
Dion Waiters,2012,4,14.7,2.4,3.0,0.412,0.31,0.746,28.8,2.0,15.9,2.8,3.0,0.433,0.368,0.685,29.6,2.2,15.8,3.3,4.3,0.424,0.395,0.646,30.1,2.2
Domantas Sabonis,2016,11,5.9,3.6,1.0,0.399,0.321,0.657,20.1,1.0,11.6,7.7,2.0,0.514,0.351,0.75,24.5,1.9,20.3,12.0,6.7,0.535,0.321,0.732,36.0,3.4
Donovan Mitchell,2017,13,20.5,3.7,3.7,0.437,0.34,0.805,33.4,2.7,23.8,4.1,4.2,0.432,0.362,0.806,33.7,2.8,25.9,4.2,5.3,0.448,0.355,0.853,33.8,3.0
Donte DiVincenzo,2018,17,4.9,2.4,1.1,0.403,0.265,0.75,15.2,0.7,9.2,4.8,2.3,0.455,0.336,0.733,23.0,1.4,9.4,4.5,3.5,0.435,0.397,0.817,26.3,1.6
Doug McDermott,2014,11,3.0,1.2,0.2,0.402,0.317,0.667,8.9,0.5,9.4,2.4,0.7,0.452,0.425,0.857,23.0,0.7,7.3,1.4,0.9,0.491,0.408,0.835,17.4,0.5
Dragan Bender,2016,4,3.4,2.4,0.5,0.354,0.277,0.364,13.3,0.7,6.5,4.4,1.6,0.386,0.366,0.765,25.2,1.4,,,,,,,,
Dwayne Bacon,2017,40,3.3,2.3,0.7,0.375,0.256,0.8,13.5,0.4,7.3,2.1,1.1,0.475,0.437,0.739,17.7,0.4,,,,,,,,
Dwight Powell,2014,45,1.8,0.2,0.0,0.8,0.0,0.5,1.8,0.4,5.8,4.0,0.6,0.493,0.125,0.739,14.4,0.6,10.6,5.3,1.5,0.597,0.307,0.772,21.6,0.9
Dylan Windler,2019,26,,,,,,,,,5.2,3.5,1.1,0.438,0.338,0.778,16.5,1.0,1.0,0.3,0.3,0.5,0.5,0.0,2.3,0.0
Dyson Daniels,2022,8,3.8,3.2,2.3,0.418,0.314,0.65,17.7,1.0,5.8,3.9,2.7,0.447,0.311,0.642,22.3,1.0,,,,,,,,
Dzanan Musa,2018,29,2.1,0.6,0.2,0.409,0.1,0.0,4.3,0.4,4.8,2.2,1.1,0.372,0.244,0.75,12.2,0.9,,,,,,,,
Edmond Sumner,2017,52,2.0,1.0,0.0,1.0,0.0,0.0,2.0,0.0,2.9,1.0,0.4,0.344,0.259,0.625,9.1,0.4,,,,,,,,
Elfrid Payton,2014,10,8.9,4.3,6.5,0.425,0.262,0.551,30.4,2.5,10.7,3.6,6.4,0.436,0.326,0.589,29.4,2.4,10.6,5.2,7.6,0.434,0.314,0.743,29.8,2.7
Elie Okobo,2018,31,5.7,1.8,2.4,0.393,0.295,0.787,18.1,1.3,4.0,1.6,2.1,0.398,0.352,0.704,13.1,0.7,,,,,,,,
Elijah Hughes,2020,39,1.7,0.5,0.3,0.333,0.348,0.75,3.6,0.3,3.1,1.2,0.4,0.417,0.357,1.0,8.0,0.5,,,,,,,,
Emmanuel Mudiay,2015,7,12.8,3.4,5.5,0.364,0.319,0.67,30.4,3.2,11.0,3.2,3.9,0.377,0.315,0.784,25.6,2.2,7.3,2.3,2.1,0.462,0.345,0.759,15.7,1.4
Eric Paschall,2019,41,14.0,4.6,2.1,0.497,0.287,0.774,27.6,1.6,9.5,3.2,1.3,0.497,0.333,0.713,17.4,1.1,,,,,,,,
Evan Mobley,2021,3,15.0,8.3,2.5,0.508,0.25,0.663,33.8,1.9,16.2,9.0,2.8,0.554,0.216,0.674,34.4,1.8,17.9,8.8,4.0,0.512,0.304,0.635,33.4,2.1
Frank Jackson,2017,31,,,,,,,,,8.1,2.2,1.1,0.434,0.314,0.74,19.2,0.8,10.6,1.6,1.0,0.402,0.308,0.827,22.0,0.7
Frank Kaminsky,2015,9,7.5,4.1,1.2,0.41,0.337,0.73,21.1,0.7,11.7,4.5,2.2,0.399,0.328,0.756,26.1,1.0,9.7,4.5,1.9,0.45,0.331,0.678,19.9,0.9
Frank Mason III,2017,34,7.9,2.5,2.8,0.379,0.36,0.817,18.9,1.3,5.1,1.1,2.2,0.42,0.219,0.684,11.4,0.9,,,,,,,,
Frank Ntilikina,2017,8,5.9,2.3,3.2,0.364,0.318,0.721,21.9,1.7,5.7,2.0,2.8,0.337,0.287,0.767,21.0,1.3,4.1,1.4,1.2,0.399,0.342,0.96,11.8,0.5
Franz Wagner,2021,8,15.2,4.5,2.9,0.468,0.354,0.863,30.7,1.5,18.6,4.1,3.5,0.485,0.361,0.842,32.6,2.1,21.3,5.8,3.6,0.479,0.365,0.828,31.8,1.7
Furkan Korkmaz,2016,26,,,,,,,,,1.6,0.8,0.3,0.286,0.294,0.5,5.7,0.1,9.1,2.1,1.5,0.401,0.375,0.732,19.3,0.8
Gary Harris,2014,19,3.4,1.2,0.5,0.304,0.204,0.745,13.1,0.7,12.3,2.9,1.9,0.469,0.354,0.82,32.1,1.3,12.9,2.8,2.2,0.424,0.339,0.799,28.8,1.2
Gary Trent Jr.,2018,37,2.7,0.7,0.3,0.32,0.238,0.429,7.4,0.3,8.9,1.6,1.0,0.444,0.418,0.822,21.8,0.3,17.4,2.6,1.6,0.433,0.369,0.839,32.1,0.8
Georges Niang,2016,50,0.9,0.7,0.2,0.25,0.083,1.0,4.0,0.2,1.0,1.0,0.3,0.364,0.0,0.5,3.6,0.3,6.9,2.4,0.8,0.437,0.425,0.957,16.0,0.7
Georgios Papagiannis,2016,13,5.6,3.9,0.9,0.549,0.0,0.857,16.1,1.1,2.1,2.3,0.6,0.415,0.0,0.0,7.4,0.5,,,,,,,,
Giannis Antetokounmpo,2013,15,6.8,4.4,1.9,0.414,0.347,0.683,24.6,1.6,12.7,6.7,2.6,0.491,0.159,0.741,31.4,2.1,26.9,10.0,4.8,0.529,0.307,0.76,36.7,3.0
Glen Rice,2013,35,2.9,1.8,0.6,0.297,0.294,0.714,9.9,0.8,2.2,0.8,0.4,0.2,0.143,0.667,8.6,0.4,,,,,,,,
Glenn Robinson III,2014,40,1.2,0.6,0.1,0.333,0.167,0.75,4.3,0.1,3.8,1.5,0.6,0.43,0.378,0.692,11.3,0.4,4.2,1.5,0.4,0.42,0.29,0.8,13.0,0.4
Goga Bitadze,2019,18,3.2,2.0,0.4,0.467,0.19,0.727,8.7,0.5,5.1,3.3,0.8,0.428,0.253,0.738,12.5,0.4,5.0,4.6,1.3,0.603,0.143,0.655,15.4,0.7
Gorgui Dieng,2013,21,4.8,5.0,0.7,0.498,1.0,0.634,13.6,0.9,9.7,8.3,2.0,0.506,0.167,0.783,30.0,1.7,5.9,4.6,0.9,0.479,0.311,0.775,16.9,0.7
Grant Williams,2019,22,3.4,2.6,1.0,0.412,0.25,0.722,15.1,0.7,4.7,2.8,1.0,0.437,0.372,0.588,18.1,0.9,8.1,3.6,1.7,0.413,0.376,0.745,26.4,1.1
Grayson Allen,2018,21,5.6,0.6,0.7,0.376,0.323,0.75,10.9,0.9,8.7,2.2,1.4,0.466,0.404,0.867,18.9,0.9,10.4,3.3,2.3,0.44,0.399,0.905,27.4,1.0
Greg Brown III,2021,43,4.7,2.8,0.7,0.426,0.311,0.677,13.3,0.8,1.8,1.2,0.2,0.393,0.143,0.417,5.8,0.4,,,,,,,,
Hamidou Diallo,2018,45,3.7,1.9,0.3,0.455,0.167,0.61,10.3,0.5,6.9,3.6,0.8,0.446,0.281,0.603,19.5,1.1,9.3,3.5,1.0,0.573,0.238,0.588,17.8,1.3
Henry Ellenson,2016,18,3.2,2.2,0.4,0.359,0.286,0.5,7.7,0.7,4.0,2.1,0.5,0.363,0.333,0.862,8.7,0.5,7.5,6.0,2.5,0.357,0.222,0.75,19.0,0.0
Herbert Jones,2021,35,9.5,3.8,2.1,0.476,0.337,0.84,29.9,1.3,9.8,4.1,2.5,0.469,0.335,0.764,29.6,1.3,8.9,3.6,2.6,0.392,0.306,0.775,28.8,1.3
Ignas Brazdeikis,2019,47,1.9,0.6,0.4,0.273,0.111,0.8,5.9,0.2,0.5,0.5,0.3,0.0,0.0,1.0,1.8,0.3,,,,,,,,
Ike Anigbogu,2017,47,1.2,0.8,0.0,0.444,0.0,0.833,2.7,0.2,0.0,1.0,0.3,0.0,0.0,0.0,2.0,0.3,,,,,,,,
Immanuel Quickley,2020,25,11.4,2.1,2.0,0.395,0.389,0.891,19.4,0.9,11.3,3.2,3.5,0.392,0.346,0.881,23.1,1.3,17.1,3.5,5.8,0.42,0.378,0.867,27.8,1.8
Isaac Bonga,2018,39,0.9,1.1,0.7,0.152,0.0,0.6,5.5,0.3,5.0,3.4,1.2,0.504,0.352,0.812,18.9,0.9,,,,,,,,
Isaac Okoro,2020,5,9.6,3.1,1.9,0.42,0.29,0.726,32.4,1.3,8.8,3.0,1.8,0.48,0.35,0.768,29.6,0.9,6.1,2.4,1.2,0.464,0.371,0.717,19.1,0.4
Isaiah Canaan,2013,34,4.6,1.1,1.0,0.356,0.327,0.724,11.5,1.0,6.2,1.3,1.2,0.405,0.381,0.762,14.8,0.9,0.0,1.0,0.0,0.0,0.0,0.0,4.0,0.0
Isaiah Hartenstein,2017,43,,,,,,,,,1.9,1.7,0.5,0.488,0.333,0.786,7.9,0.5,8.3,4.9,2.4,0.626,0.467,0.689,17.9,1.2
Isaiah Jackson,2021,22,8.3,4.1,0.3,0.563,0.313,0.682,15.0,1.1,7.2,4.5,0.8,0.563,0.143,0.651,16.5,0.8,6.4,5.6,0.8,0.582,0.0,0.689,16.8,1.1
Isaiah Joe,2020,49,3.7,0.9,0.5,0.361,0.368,0.75,9.3,0.3,3.6,1.0,0.6,0.35,0.333,0.935,11.1,0.3,10.2,2.6,1.6,0.44,0.412,0.821,21.7,0.5
Isaiah Livers,2021,42,6.4,3.0,1.1,0.456,0.422,0.857,20.2,0.8,6.7,2.8,0.8,0.417,0.365,0.821,23.1,0.6,2.2,1.9,0.7,0.423,0.343,0.7,10.1,0.4
Isaiah Mobley,2022,49,2.6,1.7,0.3,0.429,0.375,1.0,7.0,0.1,2.3,1.0,0.6,0.417,0.3,0.0,7.2,0.2,,,,,,,,
Isaiah Roby,2019,45,0.0,0.7,0.0,0.0,0.0,0.0,3.7,0.3,8.7,5.6,1.8,0.483,0.294,0.744,23.4,1.9,,,,,,,,
Isaiah Stewart,2020,16,7.9,6.7,0.9,0.553,0.333,0.696,21.4,1.0,8.3,8.7,1.2,0.51,0.326,0.718,25.6,1.2,6.0,5.5,1.7,0.559,0.321,0.759,19.9,0.9
Isaiah Whitehead,2016,42,7.4,2.5,2.6,0.402,0.295,0.805,22.5,1.9,6.3,1.6,1.3,0.465,0.389,0.684,11.3,1.5,,,,,,,,
Ivan Rabb,2017,35,5.6,4.4,0.9,0.566,0.0,0.806,14.3,1.0,5.8,4.2,1.1,0.547,0.2,0.71,14.7,0.7,,,,,,,,
Ivica Zubac,2016,32,7.5,4.2,0.8,0.529,0.0,0.653,16.0,0.8,3.7,2.9,0.6,0.5,0.0,0.765,9.5,0.6,9.0,7.2,1.3,0.652,0.25,0.789,22.3,1.1
JD Davison,2022,53,1.6,0.8,0.9,0.421,0.286,0.5,5.5,0.3,2.0,1.3,1.3,0.417,0.429,0.75,4.9,0.3,,,,,,,,
JT Thor,2021,37,2.0,1.3,0.6,0.436,0.259,0.6,7.9,0.3,3.8,2.2,0.5,0.399,0.317,0.702,14.0,0.6,,,,,,,,
Ja Morant,2019,2,17.8,3.9,7.3,0.477,0.335,0.776,31.0,3.3,19.1,4.0,7.4,0.449,0.303,0.728,32.6,3.2,25.1,5.6,8.1,0.471,0.275,0.813,35.3,3.0
Jabari Parker,2014,2,12.3,5.5,1.7,0.49,0.25,0.697,29.5,1.9,14.1,5.2,1.7,0.493,0.257,0.768,31.7,1.5,14.3,6.2,2.2,0.474,0.325,0.731,26.7,2.2
Jabari Smith Jr.,2022,3,12.8,7.2,1.3,0.408,0.307,0.786,31.0,1.3,13.7,8.1,1.6,0.454,0.363,0.811,31.9,1.2,,,,,,,,
Jabari Walker,2022,57,3.9,2.3,0.6,0.419,0.286,0.756,11.1,0.5,8.9,7.1,1.0,0.46,0.295,0.754,23.6,0.9,,,,,,,,
Jacob Evans,2018,28,1.3,0.8,0.8,0.34,0.267,0.0,6.8,0.4,4.7,1.5,1.1,0.338,0.342,0.862,15.3,0.9,,,,,,,,
Jaden Hardy,2022,37,8.8,1.9,1.4,0.438,0.404,0.823,14.8,1.0,7.3,1.8,1.5,0.407,0.362,0.776,13.5,0.8,,,,,,,,
Jaden Ivey,2022,5,16.3,3.9,5.2,0.416,0.343,0.747,31.1,3.2,15.4,3.4,3.8,0.429,0.336,0.749,28.8,2.5,,,,,,,,
Jaden McDaniels,2020,28,6.8,3.7,1.1,0.447,0.364,0.6,24.0,0.7,9.2,4.2,1.1,0.46,0.317,0.803,25.8,1.1,12.2,5.7,2.0,0.477,0.33,0.813,31.9,1.2
Jaden Springer,2021,28,1.0,1.0,0.0,1.0,0.0,0.0,3.0,0.5,2.6,0.9,0.5,0.486,0.4,0.75,5.6,0.2,,,,,,,,
Jahlil Okafor,2015,3,17.5,7.0,1.2,0.508,0.167,0.686,30.0,2.3,11.8,4.8,1.2,0.514,0.0,0.671,22.7,1.8,8.1,4.2,1.2,0.623,0.333,0.645,15.6,1.3
Jahmi'us Ramsey,2020,43,3.1,0.8,0.5,0.395,0.263,1.0,7.2,0.2,3.2,0.7,0.4,0.414,0.278,0.5,7.1,0.3,,,,,,,,
Jake LaRavia,2022,19,3.0,1.8,0.6,0.389,0.338,0.778,11.8,0.5,10.8,3.7,1.7,0.389,0.34,0.826,23.0,1.3,,,,,,,,
Jake Layman,2016,47,2.2,0.7,0.3,0.292,0.255,0.765,7.1,0.3,1.0,0.5,0.3,0.298,0.2,0.667,4.6,0.1,5.1,1.5,0.6,0.495,0.295,0.703,13.9,0.6
Jakob Poeltl,2016,9,3.1,3.1,0.2,0.583,0.0,0.544,11.6,0.5,6.9,4.8,0.7,0.659,0.5,0.594,18.6,1.0,8.6,7.9,1.9,0.616,0.0,0.508,26.7,1.2
Jalen Brunson,2018,33,9.3,2.3,3.2,0.467,0.348,0.725,21.8,1.2,8.2,2.4,3.3,0.466,0.358,0.813,17.9,1.2,24.0,3.5,6.2,0.491,0.416,0.829,35.0,2.1
Jalen Duren,2022,13,9.1,8.9,1.1,0.648,0.0,0.611,24.9,1.4,13.8,11.6,2.4,0.619,0.0,0.79,29.1,2.1,,,,,,,,
Jalen Green,2021,2,17.3,3.4,2.6,0.426,0.343,0.797,31.9,2.0,22.1,3.7,3.7,0.416,0.338,0.786,34.2,2.6,11.1,2.1,2.3,0.409,0.351,0.846,15.3,1.4
Jalen Johnson,2021,20,2.4,1.2,0.1,0.537,0.231,0.714,5.5,0.4,5.6,4.0,1.2,0.491,0.288,0.628,14.9,0.6,23.3,10.6,8.2,0.502,0.353,0.778,35.7,3.4
Jalen McDaniels,2019,52,5.6,4.1,0.8,0.471,0.375,0.824,18.3,0.7,7.4,3.6,1.1,0.468,0.333,0.703,19.2,1.0,3.4,1.6,0.7,0.344,0.169,0.73,10.8,0.6
Jalen Smith,2020,10,2.0,1.4,0.1,0.44,0.235,0.714,5.8,0.3,6.0,4.8,0.2,0.46,0.231,0.769,13.2,0.8,8.2,5.6,1.0,0.466,0.324,0.809,15.0,0.6
Jalen Suggs,2021,5,11.8,3.6,4.4,0.361,0.214,0.773,27.2,3.0,9.9,3.0,2.9,0.419,0.327,0.723,23.5,1.8,14.1,4.0,5.5,0.443,0.325,0.847,26.7,2.5
Jalen Williams,2022,12,14.1,4.5,3.3,0.521,0.356,0.812,30.3,1.6,19.1,4.0,4.5,0.54,0.427,0.814,31.3,1.7,,,,,,,,
Jamaal Franklin,2013,41,1.9,1.1,0.3,0.41,0.455,1.0,7.7,0.5,1.0,0.7,1.0,0.5,0.5,0.0,4.3,1.0,,,,,,,,
Jamal Murray,2016,7,9.9,2.6,2.1,0.404,0.334,0.883,21.5,1.4,16.7,3.7,3.4,0.451,0.378,0.905,31.7,2.1,21.2,4.0,4.8,0.477,0.408,0.869,35.5,2.3
James Bouknight,2021,11,4.6,1.7,0.8,0.348,0.347,0.871,9.8,0.5,5.6,2.1,1.2,0.358,0.303,0.667,15.1,0.9,,,,,,,,
James Ennis III,2013,50,,,,,,,,,5.0,2.8,0.8,0.409,0.326,0.84,17.0,0.6,6.9,3.5,1.1,0.486,0.357,0.877,23.4,0.8
James Wiseman,2020,2,11.5,5.8,0.7,0.519,0.316,0.628,21.4,1.5,,,,,,,,,6.0,1.0,0.0,0.5,0.0,1.0,5.0,0.0
James Young,2014,17,3.4,1.4,0.4,0.353,0.258,0.552,10.7,0.2,1.0,0.9,0.3,0.306,0.231,0.25,6.9,0.2,,,,,,,,
Jared Butler,2021,40,3.8,1.1,1.5,0.404,0.318,0.688,8.6,0.8,6.2,0.7,1.3,0.469,0.5,0.0,12.8,0.8,,,,,,,,
Jarell Martin,2015,25,5.7,3.2,0.6,0.466,0.0,0.726,14.1,0.7,3.9,3.9,0.2,0.384,0.36,0.8,13.3,0.7,,,,,,,,
Jaren Jackson Jr.,2018,4,13.8,4.7,1.1,0.506,0.359,0.766,26.1,1.7,17.4,4.6,1.4,0.469,0.394,0.747,28.5,1.7,18.6,6.8,1.0,0.506,0.355,0.788,28.4,1.7
Jarnell Stokes,2014,35,3.0,1.8,0.2,0.568,0.0,0.536,6.6,0.4,0.0,1.0,0.0,0.0,0.0,0.0,2.0,0.0,,,,,,,,
Jarred Vanderbilt,2018,41,1.4,1.4,0.2,0.474,0.0,0.6,4.1,0.5,1.1,0.9,0.2,0.714,0.0,0.0,4.6,0.8,8.3,7.9,2.7,0.556,0.333,0.657,24.1,1.3
Jarrett Allen,2017,22,8.2,5.4,0.7,0.589,0.333,0.776,20.0,1.1,10.9,8.4,1.4,0.59,0.133,0.709,26.2,1.3,16.1,10.8,1.6,0.677,0.1,0.708,32.3,1.7
Jarrett Culver,2019,6,9.2,3.4,1.7,0.404,0.299,0.462,23.9,1.3,5.3,3.1,0.7,0.411,0.245,0.604,14.7,0.8,,,,,,,,
Jawun Evans,2017,39,4.8,1.8,2.1,0.352,0.278,0.776,16.2,0.9,0.9,1.7,1.4,0.231,0.0,0.0,9.1,0.9,,,,,,,,
Jaxson Hayes,2019,8,7.4,4.0,0.9,0.672,0.25,0.647,16.9,0.8,7.5,4.3,0.6,0.625,0.429,0.775,16.1,0.7,4.3,3.0,0.5,0.72,0.0,0.622,12.5,0.6
Jay Scrubb,2020,55,8.8,3.5,0.3,0.389,0.222,1.0,21.0,1.8,2.7,0.9,0.4,0.391,0.286,0.7,6.7,0.4,,,,,,,,
Jaylen Brown,2016,3,6.6,2.8,0.8,0.455,0.343,0.685,17.2,0.9,14.5,4.9,1.6,0.465,0.395,0.644,30.7,1.8,24.7,6.0,3.4,0.484,0.397,0.764,34.5,2.7
Jaylen Nowell,2019,43,3.8,0.9,1.3,0.358,0.115,0.941,10.1,0.2,9.0,2.3,1.5,0.424,0.333,0.818,18.1,0.7,5.7,1.6,1.8,0.4,0.174,1.0,17.3,0.6
Jaylin Williams,2022,34,5.9,4.9,1.6,0.436,0.407,0.704,18.7,0.8,4.0,3.4,1.6,0.417,0.368,0.805,13.0,0.5,,,,,,,,
Jayson Tatum,2017,3,13.9,5.0,1.6,0.475,0.434,0.826,30.5,1.4,15.7,6.0,2.1,0.45,0.373,0.855,31.1,1.5,26.9,8.0,4.4,0.453,0.353,0.853,35.9,2.9
Jeff Withey,2013,39,3.3,2.6,0.4,0.535,0.0,0.712,11.8,0.3,2.6,1.7,0.3,0.5,0.0,0.68,7.0,0.3,1.5,1.0,0.0,0.375,0.2,0.5,3.9,0.2
Jerami Grant,2014,39,6.3,3.0,1.2,0.352,0.314,0.591,21.2,1.3,9.7,4.7,1.8,0.419,0.24,0.658,26.8,1.4,13.6,5.2,1.0,0.497,0.392,0.71,32.7,0.8
Jeremiah Robinson-Earl,2021,32,7.5,5.6,1.0,0.414,0.352,0.741,22.2,0.8,6.8,4.2,1.0,0.444,0.333,0.833,18.9,0.4,4.6,5.2,0.7,0.349,0.242,0.929,17.6,0.6
Jeremy Lamb,2012,12,3.1,0.8,0.2,0.353,0.3,1.0,6.4,0.3,8.5,2.4,1.5,0.432,0.356,0.797,19.7,0.8,9.7,4.3,1.2,0.46,0.281,0.853,18.4,0.6
Jeremy Sochan,2022,9,11.0,5.3,2.5,0.453,0.246,0.698,26.0,1.7,11.6,6.4,3.4,0.438,0.308,0.771,29.6,1.9,,,,,,,,
Jerian Grant,2015,19,5.6,1.9,2.3,0.394,0.22,0.78,16.6,1.1,5.9,1.8,1.9,0.425,0.366,0.89,16.3,0.7,4.5,1.0,1.5,0.37,0.25,0.714,13.3,0.5
Jericho Sims,2021,58,2.2,4.1,0.5,0.722,0.0,0.414,13.5,0.5,3.4,4.7,0.5,0.776,0.0,0.75,15.6,0.5,3.7,4.3,0.8,0.821,0.0,0.652,15.7,0.9
Jerome Robinson,2018,13,3.4,1.2,0.6,0.4,0.316,0.667,9.7,0.4,2.9,1.4,1.1,0.338,0.284,0.579,11.3,0.6,,,,,,,,
Jevon Carter,2018,32,4.4,1.7,1.8,0.303,0.333,0.813,14.8,0.8,4.9,2.0,1.4,0.416,0.425,0.852,16.3,0.6,8.0,2.5,2.4,0.423,0.421,0.816,22.4,1.0
Joe Harris,2014,33,2.7,0.8,0.5,0.4,0.369,0.6,9.7,0.5,0.6,0.6,0.4,0.25,0.25,0.0,3.0,0.2,13.7,3.8,2.4,0.5,0.474,0.827,30.2,1.6
Joe Wieskamp,2021,41,2.1,0.5,0.3,0.357,0.326,0.538,7.1,0.1,1.0,0.4,0.3,0.214,0.25,0.0,5.6,0.1,,,,,,,,
Joe Young,2015,43,3.8,1.2,1.6,0.367,0.217,0.8,9.4,0.8,2.1,0.5,0.5,0.361,0.217,0.733,4.1,0.2,,,,,,,,
Joel Bolomboy,2016,52,1.8,1.4,0.2,0.563,0.25,0.5,4.4,0.2,1.5,1.7,0.0,0.5,0.0,0.5,6.3,0.3,,,,,,,,
Joffrey Lauvergne,2013,55,,,,,,,,,3.9,3.2,0.5,0.404,0.188,0.643,11.2,0.9,4.1,3.1,0.7,0.516,0.0,0.638,9.7,0.6
John Collins,2017,19,10.5,7.3,1.3,0.576,0.34,0.715,24.1,1.4,19.5,9.8,2.0,0.56,0.348,0.763,30.0,2.0,16.2,7.8,1.8,0.526,0.364,0.793,30.8,1.1
John Henson,2012,14,6.0,4.7,0.5,0.482,0.0,0.533,13.1,0.7,11.1,7.1,1.6,0.538,0.0,0.514,26.5,1.6,6.8,5.1,1.0,0.515,0.0,0.692,19.4,0.9
Johnny Davis,2022,10,5.8,2.3,1.0,0.386,0.243,0.519,15.1,0.6,3.0,1.4,0.6,0.403,0.35,0.583,12.3,0.3,,,,,,,,
Johnny O'Bryant III,2014,36,2.9,1.9,0.5,0.367,0.0,0.444,10.8,0.7,3.0,2.7,0.5,0.411,1.0,0.675,13.0,0.5,,,,,,,,
Jonathan Isaac,2017,6,5.4,3.7,0.7,0.379,0.348,0.76,19.8,1.0,9.6,5.5,1.1,0.429,0.323,0.815,26.6,1.0,,,,,,,,
Jonathan Kuminga,2021,7,9.3,3.3,0.9,0.513,0.336,0.684,16.9,1.1,9.9,3.4,1.9,0.525,0.37,0.652,20.8,1.4,12.1,5.9,2.5,0.454,0.321,0.742,23.8,2.3
Jordan Adams,2014,22,3.1,0.9,0.5,0.407,0.4,0.609,8.3,0.5,3.5,1.0,1.5,0.333,0.0,0.6,7.5,1.0,,,,,,,,
Jordan Bell,2017,38,4.6,3.6,1.8,0.627,0.0,0.682,14.2,0.9,3.3,2.7,1.1,0.516,0.0,0.61,11.6,0.6,0.0,1.0,0.0,0.0,0.0,0.0,2.0,0.0
Jordan Bone,2019,57,1.2,0.4,0.8,0.25,0.2,0.0,5.3,0.2,4.0,1.7,1.3,0.426,0.313,0.0,14.0,0.2,,,,,,,,
Jordan Clarkson,2014,46,11.9,3.2,3.5,0.448,0.314,0.829,25.0,1.6,15.5,4.0,2.4,0.433,0.347,0.804,32.3,1.7,16.8,3.3,2.4,0.448,0.324,0.844,27.3,1.7
Jordan McRae,2014,58,,,,,,,,,5.3,1.1,1.4,0.423,0.273,0.8,11.7,0.9,5.9,1.5,1.1,0.469,0.286,0.8,12.3,0.6
Jordan Mickey,2015,33,1.3,0.8,0.1,0.364,0.0,0.5,3.6,0.1,1.5,1.4,0.3,0.441,0.0,0.571,5.6,0.4,,,,,,,,
Jordan Nwora,2020,45,5.7,2.0,0.2,0.459,0.452,0.76,9.1,0.8,7.9,3.6,1.0,0.403,0.348,0.837,19.1,0.9,,,,,,,,
Jordan Poole,2019,28,8.8,2.1,2.4,0.333,0.279,0.798,22.4,1.3,12.0,1.8,1.9,0.432,0.351,0.882,19.4,1.0,17.4,2.7,4.4,0.413,0.326,0.877,30.1,2.4
Josh Christopher,2021,24,7.9,2.5,2.0,0.448,0.296,0.735,18.0,1.5,5.8,1.1,1.1,0.465,0.236,0.75,12.3,0.9,,,,,,,,
Josh Giddey,2021,6,12.5,7.8,6.4,0.419,0.263,0.709,31.5,3.2,16.6,7.9,6.2,0.482,0.325,0.731,31.1,2.8,18.6,8.6,8.8,0.462,0.366,0.775,32.1,3.5
Josh Green,2020,18,2.6,2.0,0.7,0.452,0.16,0.565,11.4,0.4,4.8,2.4,1.2,0.508,0.359,0.689,15.5,0.7,7.4,2.5,1.6,0.428,0.391,0.681,27.8,1.0
Josh Hart,2017,30,7.9,4.2,1.3,0.469,0.396,0.702,23.2,0.7,7.8,3.7,1.4,0.407,0.336,0.688,25.6,0.9,13.4,7.8,4.1,0.505,0.323,0.753,33.5,2.0
Josh Jackson,2017,4,13.1,4.6,1.5,0.417,0.263,0.634,25.4,1.9,11.5,4.4,2.3,0.413,0.324,0.671,25.2,2.2,7.1,3.2,1.3,0.41,0.265,0.714,18.1,1.0
Josh Minott,2022,45,3.1,1.7,0.3,0.5,0.333,1.0,6.4,0.2,1.6,0.5,0.3,0.472,0.4,0.857,2.8,0.1,,,,,,,,
Josh Okogie,2018,20,7.7,2.9,1.2,0.386,0.279,0.728,23.7,0.9,8.6,4.3,1.6,0.427,0.266,0.796,25.0,1.4,7.3,3.5,1.5,0.391,0.335,0.724,18.8,0.9
Josh Richardson,2015,40,6.6,2.1,1.4,0.452,0.461,0.667,21.3,0.7,10.2,3.2,2.6,0.394,0.33,0.779,30.5,1.2,13.7,3.2,2.9,0.43,0.341,0.809,30.8,1.9
Joshua Primo,2021,12,5.8,2.3,1.6,0.374,0.307,0.746,19.3,1.1,7.0,3.3,4.5,0.346,0.25,0.778,23.3,2.8,,,,,,,,
Juancho Hernangomez,2016,15,4.9,3.0,0.5,0.451,0.407,0.75,13.6,0.5,3.3,2.2,0.5,0.387,0.28,0.833,11.1,0.4,7.2,3.9,0.7,0.435,0.327,0.619,17.3,0.5
Julius Randle,2014,7,2.0,0.0,0.0,0.333,0.0,0.0,14.0,1.0,11.3,10.2,1.8,0.429,0.278,0.715,28.2,1.8,21.4,8.7,3.1,0.524,0.344,0.731,30.6,2.8
Justin Anderson,2015,21,3.8,2.4,0.5,0.406,0.265,0.8,11.8,0.4,6.5,2.9,0.6,0.401,0.303,0.795,13.9,0.8,2.8,2.1,0.8,0.263,0.207,0.5,10.7,0.4
Justin Jackson,2017,15,6.7,2.8,1.1,0.442,0.308,0.722,22.1,0.6,6.7,2.8,1.3,0.424,0.346,0.82,20.8,0.4,2.0,0.0,0.0,0.0,0.0,1.0,2.0,0.0
Justin Patton,2017,16,2.0,0.0,0.0,0.5,0.0,0.0,4.0,0.0,1.7,2.0,1.0,0.286,0.0,0.5,7.0,0.0,,,,,,,,
Justise Winslow,2015,10,6.4,5.2,1.5,0.422,0.276,0.684,28.6,1.2,10.9,5.2,3.7,0.356,0.2,0.617,34.7,1.8,11.3,6.6,4.0,0.388,0.222,0.667,32.0,2.2
Jusuf Nurkić,2014,16,6.9,6.2,0.8,0.446,0.0,0.636,17.8,1.4,8.2,5.5,1.3,0.417,0.0,0.616,17.1,1.7,15.6,10.4,3.2,0.508,0.103,0.773,27.4,2.3
KJ Martin,2020,52,9.3,5.4,1.1,0.509,0.365,0.714,23.7,0.8,8.8,3.8,1.3,0.533,0.357,0.634,21.0,0.8,6.4,3.0,0.8,0.616,0.381,0.828,20.0,0.5
KJ McDaniels,2014,32,9.2,3.8,1.3,0.399,0.293,0.756,25.4,2.0,2.4,1.1,0.3,0.403,0.28,0.8,6.4,0.5,,,,,,,,
KZ Okpala,2019,32,1.4,1.0,0.2,0.6,0.0,0.5,5.2,0.2,2.5,1.8,0.5,0.375,0.24,0.533,12.1,0.4,,,,,,,,
Kadeem Allen,2017,53,1.1,0.6,0.7,0.273,0.0,0.778,5.9,0.5,9.9,2.7,4.0,0.461,0.472,0.778,21.9,1.4,,,,,,,,
Kai Jones,2021,19,1.0,0.5,0.2,0.643,0.5,0.375,3.0,0.3,3.4,2.7,0.3,0.558,0.211,0.731,12.0,0.7,,,,,,,,
Karl-Anthony Towns,2015,1,18.3,10.5,2.0,0.542,0.341,0.811,32.0,2.2,25.1,12.3,2.7,0.542,0.367,0.832,37.0,2.6,26.5,10.8,4.4,0.508,0.412,0.796,33.9,3.1
Kay Felder,2016,54,4.0,1.0,1.4,0.392,0.318,0.714,9.2,0.7,3.9,1.0,1.4,0.303,0.222,0.917,9.6,1.1,,,,,,,,
Keegan Murray,2022,4,12.2,4.6,1.2,0.453,0.411,0.765,29.8,0.8,15.2,5.5,1.7,0.454,0.358,0.831,33.6,0.8,,,,,,,,
Keita Bates-Diop,2018,48,5.0,2.8,0.6,0.423,0.25,0.643,16.8,0.5,6.8,3.0,0.8,0.422,0.33,0.708,17.5,0.4,9.7,3.7,1.5,0.508,0.394,0.793,21.7,0.8
Keldon Johnson,2019,29,9.1,3.4,0.9,0.596,0.591,0.795,17.7,0.8,12.8,6.0,1.8,0.479,0.331,0.74,28.5,1.1,15.7,5.5,2.8,0.454,0.346,0.792,29.5,1.4
Kelly Olynyk,2013,13,8.7,5.2,1.6,0.466,0.351,0.811,20.0,1.5,10.3,4.7,1.7,0.475,0.349,0.684,22.3,1.5,11.5,5.7,2.7,0.497,0.379,0.77,23.4,1.9
Kelly Oubre Jr.,2015,15,3.7,2.1,0.2,0.427,0.316,0.633,10.7,0.5,6.3,3.3,0.6,0.421,0.287,0.758,20.3,0.6,18.7,6.4,1.5,0.452,0.352,0.78,34.5,1.5
Kendall Brown,2022,48,1.5,1.0,0.5,0.571,0.0,0.5,6.7,0.3,1.4,0.3,0.3,0.533,0.0,0.625,4.2,0.1,,,,,,,,
Kendall Marshall,2012,13,3.0,0.9,3.0,0.371,0.315,0.571,14.6,1.2,8.0,2.9,8.8,0.406,0.399,0.528,29.0,2.8,,,,,,,,
Kentavious Caldwell-Pope,2013,8,5.9,2.0,0.7,0.396,0.319,0.77,19.8,0.4,12.7,3.1,1.3,0.401,0.345,0.696,31.5,1.1,13.4,5.2,2.2,0.426,0.383,0.789,33.2,1.3
Keon Johnson,2021,21,3.5,1.4,0.9,0.333,0.273,0.762,9.0,0.5,4.7,1.1,1.5,0.376,0.346,0.659,10.4,1.1,,,,,,,,
Kessler Edwards,2021,44,5.9,3.6,0.6,0.412,0.353,0.842,20.6,0.9,1.1,1.0,0.1,0.25,0.167,0.5,5.7,0.3,,,,,,,,
Kevin Huerter,2018,19,9.7,3.3,2.9,0.419,0.385,0.732,27.3,1.5,12.2,4.1,3.8,0.413,0.38,0.828,31.4,1.6,15.2,3.3,2.9,0.485,0.402,0.725,29.4,1.3
Kevin Knox II,2018,9,12.8,4.5,1.1,0.37,0.343,0.717,28.8,1.5,6.4,2.8,0.9,0.359,0.327,0.653,17.9,0.7,5.6,2.6,0.4,0.469,0.371,0.788,14.1,0.8
Kevin Porter Jr.,2019,30,10.0,3.2,2.2,0.442,0.335,0.723,23.2,1.9,16.6,3.8,6.3,0.425,0.311,0.734,32.2,3.5,,,,,,,,
Kevon Looney,2015,30,1.8,2.0,0.0,0.571,0.5,0.0,4.2,0.2,2.5,2.3,0.5,0.523,0.222,0.618,8.4,0.3,3.4,3.3,1.0,0.367,0.071,0.75,13.1,0.6
Khyri Thomas,2018,38,2.3,0.8,0.3,0.319,0.286,0.636,7.5,0.2,2.1,0.1,0.4,0.294,0.357,0.5,7.6,0.4,,,,,,,,
Killian Hayes,2020,7,6.8,2.7,5.3,0.353,0.278,0.824,25.8,3.2,6.9,3.2,4.2,0.383,0.263,0.77,25.0,1.7,9.0,3.0,5.2,0.419,0.381,0.833,27.0,1.5
Kira Lewis Jr.,2020,13,6.4,1.3,2.3,0.386,0.333,0.843,16.7,0.6,5.9,1.6,2.0,0.404,0.224,0.833,14.2,1.1,,,,,,,,
Kostas Antetokounmpo,2018,60,1.0,0.5,0.0,0.0,0.0,0.5,5.5,0.5,1.4,0.6,0.4,1.0,0.0,0.5,4.0,0.2,,,,,,,,
Kris Dunn,2016,5,3.8,2.1,2.4,0.377,0.288,0.61,17.1,1.1,13.4,4.3,6.0,0.429,0.321,0.737,29.3,2.9,1.3,1.5,0.5,0.083,0.0,0.75,11.3,0.8
Kristaps Porziņģis,2015,4,14.3,7.3,1.3,0.421,0.333,0.838,28.4,1.7,18.1,7.2,1.5,0.45,0.357,0.786,32.8,1.8,20.4,9.5,1.8,0.427,0.352,0.799,31.8,1.6
Kyle Anderson,2014,30,2.2,2.2,0.8,0.348,0.273,0.643,10.8,0.3,4.5,3.1,1.6,0.468,0.324,0.747,16.0,0.8,8.0,5.8,3.0,0.543,0.265,0.578,29.8,1.3
Kyle Guy,2019,55,1.3,0.3,0.3,0.4,0.0,0.0,3.3,0.0,2.8,1.1,1.0,0.33,0.283,0.8,7.6,0.4,,,,,,,,
Kyle Kuzma,2017,27,16.1,6.3,1.8,0.45,0.366,0.707,31.2,1.8,18.7,5.5,2.5,0.456,0.303,0.752,33.1,1.9,17.1,8.5,3.5,0.452,0.341,0.712,33.4,2.6
LaMelo Ball,2020,3,15.7,5.9,6.1,0.436,0.352,0.758,28.8,2.8,20.1,6.7,7.6,0.429,0.389,0.872,32.3,3.3,25.2,4.9,7.4,0.405,0.339,0.843,32.0,3.6
Landry Shamet,2018,26,8.3,1.4,1.1,0.441,0.404,0.815,20.5,0.5,9.3,1.9,1.9,0.404,0.375,0.855,27.4,0.8,8.7,1.7,2.3,0.377,0.377,0.882,20.2,0.9
Larry Nance Jr.,2015,27,5.5,5.0,0.7,0.527,0.1,0.681,20.1,0.7,7.1,5.9,1.5,0.526,0.278,0.738,22.9,0.9,10.1,7.3,2.2,0.531,0.352,0.676,26.3,1.1
Lauri Markkanen,2017,7,15.2,7.5,1.2,0.434,0.362,0.843,29.7,1.2,18.7,9.0,1.4,0.43,0.361,0.872,32.3,1.6,14.8,5.7,1.3,0.445,0.358,0.868,30.8,0.9
Lonnie Walker IV,2018,18,2.6,1.0,0.5,0.348,0.385,0.8,6.9,0.2,6.4,2.3,1.1,0.426,0.406,0.721,16.2,0.7,11.7,1.9,1.1,0.448,0.365,0.858,23.2,0.8
Lonzo Ball,2017,2,10.2,6.9,7.2,0.36,0.305,0.451,34.2,2.6,9.9,5.3,5.4,0.406,0.329,0.417,30.3,2.2,13.0,5.4,5.1,0.423,0.423,0.75,34.6,2.3
Lorenzo Brown,2013,52,2.5,1.1,1.6,0.302,0.1,0.692,8.6,0.6,4.2,2.4,3.1,0.426,0.214,0.632,18.9,1.0,2.3,1.1,0.9,0.412,0.167,1.0,9.9,0.2
Lucas Nogueira,2013,16,,,,,,,,,1.0,1.8,0.2,0.25,0.0,0.5,3.8,0.3,2.5,1.8,0.4,0.613,0.263,0.679,8.5,0.3
Luka Dončić,2018,3,21.2,7.8,6.0,0.427,0.327,0.713,32.2,3.4,28.8,9.4,8.8,0.463,0.316,0.758,33.6,4.3,32.4,8.6,8.0,0.496,0.342,0.742,36.2,3.6
Luka Garza,2021,52,5.8,3.1,0.6,0.449,0.327,0.623,12.2,0.6,6.5,2.3,0.6,0.543,0.359,0.788,8.7,0.5,7.8,4.2,1.0,0.583,0.438,0.778,16.7,0.6
Luka Samanic,2019,19,5.3,3.3,2.0,0.313,0.375,0.75,16.0,0.7,3.7,2.1,0.5,0.448,0.279,0.552,9.3,0.6,4.1,2.4,0.4,0.38,0.203,0.786,9.4,0.7
Luke Kennard,2017,12,7.6,2.4,1.7,0.443,0.415,0.855,20.0,0.9,9.7,2.9,1.8,0.438,0.394,0.836,22.8,0.9,11.9,3.3,2.1,0.449,0.449,0.896,27.4,0.9
Malachi Flynn,2020,29,7.5,2.5,2.9,0.374,0.321,0.804,19.7,0.9,4.3,1.4,1.6,0.393,0.333,0.625,12.2,0.3,4.0,1.8,1.8,0.385,0.25,0.833,11.0,1.0
Malachi Richardson,2016,22,3.6,1.0,0.5,0.412,0.286,0.789,9.0,0.4,3.5,1.3,0.5,0.33,0.308,0.773,12.8,0.4,,,,,,,,
Malaki Branham,2022,20,10.2,2.7,1.9,0.44,0.302,0.829,23.5,1.2,9.2,2.0,2.1,0.432,0.347,0.873,21.3,1.2,,,,,,,,
Malcolm Brogdon,2016,36,10.2,2.8,4.2,0.457,0.404,0.865,26.4,1.5,13.0,3.3,3.2,0.485,0.385,0.882,29.9,1.4,21.2,5.3,5.9,0.453,0.388,0.864,34.5,2.1
Malik Monk,2017,11,6.7,1.0,1.4,0.36,0.342,0.842,13.6,0.8,8.9,1.9,1.6,0.387,0.33,0.882,17.2,1.2,13.8,3.4,2.9,0.473,0.391,0.795,28.1,1.6
MarJon Beauchamp,2022,24,5.1,2.2,0.7,0.395,0.331,0.73,13.5,0.9,4.4,2.1,0.6,0.488,0.4,0.679,12.7,0.6,,,,,,,,
Marcus Smart,2014,6,7.8,3.3,3.1,0.367,0.335,0.646,27.0,1.3,9.1,4.2,3.0,0.348,0.253,0.777,27.3,1.3,8.9,2.9,4.0,0.422,0.364,0.806,27.5,1.5
Mario Hezonja,2015,5,6.1,2.2,1.4,0.433,0.349,0.907,17.9,1.2,4.9,2.2,1.0,0.355,0.299,0.8,14.8,0.9,4.8,3.5,0.9,0.422,0.308,0.814,16.4,0.8
Mark Williams,2022,15,9.0,7.1,0.4,0.637,0.0,0.691,19.3,0.9,12.7,9.7,1.2,0.649,0.0,0.719,26.7,0.9,,,,,,,,
Markel Brown,2014,44,4.6,2.3,0.8,0.362,0.266,0.825,16.6,0.6,5.9,2.0,1.5,0.394,0.314,0.755,15.8,0.9,,,,,,,,
Markelle Fultz,2017,1,7.1,3.1,3.8,0.405,0.0,0.476,18.1,1.2,8.2,3.7,3.1,0.419,0.286,0.568,22.5,1.3,10.8,2.7,5.5,0.474,0.235,0.806,20.0,2.2
Marquese Chriss,2016,8,9.2,4.2,0.7,0.449,0.321,0.624,21.3,1.3,7.7,5.5,1.2,0.423,0.295,0.608,21.2,1.5,6.5,6.5,1.0,0.357,0.2,0.5,13.5,1.0
Marvin Bagley III,2018,2,14.9,7.6,1.0,0.504,0.313,0.691,25.3,1.6,14.2,7.5,0.8,0.467,0.182,0.806,25.7,1.4,12.0,6.4,0.9,0.529,0.288,0.75,23.6,1.1
Mason Plumlee,2013,22,7.4,4.4,0.9,0.659,0.0,0.626,18.2,1.1,8.7,6.2,0.9,0.573,0.0,0.495,21.3,1.3,7.1,5.4,1.9,0.601,0.0,0.458,19.4,1.4
Matisse Thybulle,2019,20,4.7,1.6,1.2,0.423,0.357,0.61,19.8,0.8,3.9,1.9,1.0,0.42,0.301,0.444,20.0,0.5,5.4,2.1,1.4,0.397,0.346,0.759,22.9,0.6
Max Christie,2022,35,3.1,1.8,0.5,0.415,0.419,0.875,12.5,0.3,4.2,2.1,0.9,0.427,0.356,0.783,14.1,0.5,,,,,,,,
Melvin Frazier Jr.,2018,35,1.5,0.5,0.1,0.333,0.0,0.25,4.4,0.1,2.1,0.5,0.2,0.441,0.5,0.5,6.6,0.3,,,,,,,,
Meyers Leonard,2012,11,5.5,3.7,0.5,0.545,0.429,0.809,17.5,0.7,2.5,2.8,0.5,0.451,0.0,0.762,8.9,0.4,5.4,3.2,1.0,0.386,0.347,0.875,16.5,0.5
Mfiondu Kabengele,2019,27,3.5,0.9,0.2,0.438,0.45,1.0,5.3,0.2,1.2,0.6,0.2,0.281,0.222,0.833,4.1,0.3,,,,,,,,
Michael Carter-Williams,2013,11,16.7,6.2,6.3,0.405,0.264,0.703,34.5,3.5,15.0,6.2,7.4,0.38,0.256,0.643,33.9,4.2,4.6,2.7,2.2,0.332,0.237,0.82,16.1,1.0
Michael Kidd-Gilchrist,2012,2,9.0,5.8,1.5,0.458,0.222,0.749,26.0,1.3,7.2,5.2,0.8,0.473,0.111,0.614,24.2,1.0,9.2,7.0,1.4,0.477,0.111,0.784,29.0,0.7
Michael Porter Jr.,2018,14,,,,,,,,,9.3,4.7,0.8,0.509,0.422,0.833,16.4,0.9,17.4,5.5,1.0,0.487,0.414,0.8,29.0,1.1
Mike Muscala,2013,44,3.8,2.6,0.4,0.425,0.0,1.0,10.8,0.6,4.9,3.0,0.6,0.55,0.409,0.88,12.6,0.5,7.6,4.3,1.0,0.458,0.371,0.919,20.0,0.8
Miles Bridges,2018,12,7.5,4.0,1.2,0.464,0.325,0.753,21.2,0.6,13.0,5.6,1.8,0.424,0.33,0.809,30.7,1.5,,,,,,,,
Miles McBride,2021,36,2.2,1.1,1.0,0.296,0.25,0.667,9.3,0.1,3.5,0.8,1.1,0.358,0.299,0.667,11.9,0.4,12.9,2.6,2.8,0.434,0.42,0.814,28.0,0.8
Mitch McGary,2014,21,6.3,5.2,0.4,0.533,0.0,0.625,15.2,1.0,1.3,0.9,0.2,0.478,0.0,0.4,3.6,0.4,,,,,,,,
Mitchell Robinson,2018,36,7.3,6.4,0.6,0.694,0.0,0.6,20.6,0.5,9.7,7.0,0.6,0.742,0.0,0.568,23.1,0.6,7.4,9.4,0.9,0.671,0.0,0.484,26.9,0.7
Miye Oni,2019,58,3.5,1.7,0.4,0.375,0.368,0.8,10.9,0.4,1.9,1.6,0.5,0.354,0.341,0.833,9.6,0.3,,,,,,,,
Mo Bamba,2018,6,6.2,5.0,0.8,0.481,0.3,0.587,16.3,0.9,5.4,4.9,0.7,0.462,0.346,0.674,14.2,0.7,7.3,4.6,1.1,0.495,0.398,0.686,17.0,0.6
Monte Morris,2017,51,3.3,0.7,2.3,0.667,0.0,1.0,8.3,0.3,10.4,2.4,3.6,0.493,0.414,0.802,24.0,0.6,12.6,3.0,4.4,0.484,0.395,0.869,29.9,1.0
Montrezl Harrell,2015,32,3.6,1.7,0.4,0.644,0.0,0.522,9.7,0.4,9.1,3.8,1.1,0.652,0.143,0.628,18.3,0.8,18.6,7.1,1.7,0.58,0.0,0.658,27.8,1.7
Moritz Wagner,2018,25,4.8,2.0,0.6,0.415,0.286,0.811,10.4,0.9,8.7,4.9,1.2,0.545,0.313,0.821,18.6,1.5,10.5,4.5,1.5,0.5,0.313,0.841,19.5,1.2
Moses Moody,2021,14,4.4,1.5,0.4,0.437,0.364,0.778,11.7,0.3,4.8,1.7,0.8,0.476,0.363,0.698,13.0,0.5,11.5,3.3,1.5,0.437,0.401,0.779,25.1,0.9
Moussa Diabaté,2022,43,2.7,2.3,0.2,0.511,0.5,0.625,8.9,0.4,2.6,2.2,0.4,0.526,0.0,0.643,5.8,0.2,,,,,,,,
Myles Turner,2015,11,10.3,5.5,0.7,0.498,0.214,0.727,22.8,1.1,14.5,7.3,1.3,0.511,0.348,0.809,31.4,1.3,12.1,6.6,1.2,0.457,0.344,0.751,29.5,1.4
Nassir Little,2019,25,3.6,2.3,0.5,0.43,0.237,0.636,11.9,0.3,4.6,2.7,0.5,0.467,0.35,0.8,13.3,0.4,3.4,1.7,0.5,0.46,0.3,0.85,10.2,0.3
Nate Wolters,2013,38,7.2,2.6,3.2,0.437,0.29,0.656,22.6,1.0,2.3,1.5,0.9,0.387,0.0,0.25,12.9,0.3,0.4,0.4,0.2,0.167,0.0,0.0,3.8,0.0
Neemias Queta,2021,39,3.0,2.1,0.4,0.447,0.0,0.647,8.0,0.4,2.4,2.2,0.2,0.667,0.0,0.0,5.8,0.2,9.7,8.3,1.5,0.639,0.0,0.67,25.1,1.1
Nerlens Noel,2013,6,,,,,,,,,9.9,8.1,1.7,0.462,0.0,0.609,30.8,1.9,4.4,5.6,0.7,0.524,0.0,0.75,15.7,0.9
Nic Claxton,2019,31,4.4,2.9,1.1,0.563,0.143,0.524,12.5,0.6,6.6,5.2,0.9,0.621,0.2,0.484,18.6,0.6,11.8,9.9,2.1,0.629,0.2,0.551,29.8,1.3
Nick Richards,2020,42,0.8,0.6,0.1,0.444,0.0,0.636,3.5,0.2,3.0,1.7,0.3,0.667,0.0,0.698,7.3,0.5,8.9,7.5,1.3,0.561,0.0,0.678,21.0,1.6
Nickeil Alexander-Walker,2019,17,5.7,1.8,1.9,0.368,0.346,0.676,12.6,1.1,11.0,3.1,2.2,0.419,0.347,0.727,21.9,1.5,8.0,2.0,2.5,0.439,0.391,0.8,23.4,0.9
Nik Stauskas,2014,8,4.4,1.2,0.9,0.365,0.322,0.859,15.4,0.5,8.5,2.5,1.9,0.385,0.326,0.771,24.8,1.3,6.1,1.8,1.4,0.419,0.344,0.889,15.3,0.9
Nikola Jokić,2014,41,,,,,,,,,10.0,7.0,2.4,0.512,0.333,0.811,21.7,1.3,20.1,10.8,7.3,0.511,0.307,0.821,31.3,3.1
Noah Vonleh,2014,9,3.3,3.4,0.2,0.395,0.385,0.692,10.4,0.4,3.6,3.9,0.4,0.421,0.239,0.745,15.1,0.6,8.4,7.8,1.9,0.47,0.336,0.712,25.3,1.3
Norman Powell,2015,46,5.6,2.3,1.0,0.424,0.404,0.811,14.8,0.7,8.4,2.2,1.1,0.449,0.324,0.792,18.0,0.9,16.0,3.7,1.8,0.495,0.399,0.843,28.4,1.5
OG Anunoby,2017,23,5.9,2.5,0.7,0.471,0.371,0.629,20.0,0.6,7.0,2.9,0.7,0.453,0.332,0.581,20.2,0.8,17.1,5.5,2.6,0.443,0.363,0.754,36.0,1.7
Obi Toppin,2020,8,4.1,2.2,0.5,0.498,0.306,0.731,11.0,0.4,9.0,3.7,1.1,0.531,0.308,0.758,17.1,0.8,10.5,4.0,1.6,0.529,0.365,0.781,19.6,0.9
Ochai Agbaji,2022,14,7.9,2.1,1.1,0.427,0.355,0.812,20.5,0.7,5.4,2.5,0.9,0.426,0.331,0.75,19.7,0.7,,,,,,,,
Omari Spellman,2018,30,5.9,4.2,1.0,0.402,0.344,0.711,17.5,0.7,7.6,4.5,1.0,0.431,0.391,0.793,18.1,1.1,,,,,,,,
Onyeka Okongwu,2020,6,4.6,3.3,0.4,0.644,0.0,0.632,12.0,0.6,8.2,5.9,1.1,0.69,0.0,0.727,20.7,0.9,13.4,8.9,2.3,0.567,0.324,0.759,27.9,1.2
Otto Porter Jr.,2013,3,2.1,1.5,0.3,0.363,0.19,0.667,8.6,0.4,6.0,3.0,0.9,0.45,0.337,0.734,19.4,0.7,14.7,6.4,2.0,0.503,0.441,0.828,31.6,1.0
Ousmane Dieng,2022,11,4.9,2.7,1.2,0.42,0.265,0.652,14.6,0.7,4.0,1.5,1.1,0.422,0.3,0.875,11.1,0.6,,,,,,,,
P.J. Washington,2019,12,12.2,5.4,2.1,0.455,0.374,0.647,30.3,1.6,12.9,6.5,2.5,0.44,0.386,0.745,30.5,2.0,13.6,5.3,2.2,0.446,0.324,0.713,29.2,1.5
PJ Hairston,2014,26,5.6,2.0,0.5,0.323,0.301,0.861,15.3,0.5,6.0,2.7,0.6,0.359,0.314,0.81,19.5,0.5,,,,,,,,
Paolo Banchero,2022,1,20.0,6.9,3.7,0.427,0.298,0.738,33.8,2.8,22.6,6.9,5.4,0.455,0.339,0.725,35.0,3.1,,,,,,,,
Pat Connaughton,2015,41,1.1,0.9,0.3,0.265,0.238,1.0,4.2,0.3,2.5,1.3,0.7,0.514,0.515,0.778,8.1,0.4,5.4,4.2,1.6,0.455,0.331,0.775,18.6,0.8
Patrick Baldwin Jr.,2022,28,3.9,1.3,0.4,0.394,0.381,0.667,7.3,0.4,4.4,3.2,0.8,0.381,0.32,0.679,13.0,0.5,,,,,,,,
Patrick McCaw,2016,38,4.0,1.4,1.1,0.433,0.333,0.784,15.1,0.5,4.0,1.4,1.4,0.409,0.238,0.765,16.9,0.7,1.0,0.6,0.8,1.0,0.0,1.0,6.6,0.0
Patrick Williams,2020,4,9.2,4.6,1.4,0.483,0.391,0.728,27.9,1.4,9.0,4.1,0.9,0.529,0.517,0.732,24.8,0.9,9.0,3.8,2.0,0.397,0.353,0.723,25.0,1.4
Paul Reed,2020,58,3.4,2.3,0.5,0.538,0.0,0.5,6.8,0.5,3.1,2.4,0.4,0.563,0.25,0.429,8.0,0.3,4.1,2.7,1.0,0.507,0.286,0.762,9.7,0.6
Paul Zipser,2016,48,5.5,2.8,0.8,0.398,0.333,0.775,19.2,0.9,4.0,2.4,0.9,0.346,0.336,0.76,15.3,0.8,,,,,,,,
Payton Pritchard,2020,26,7.7,2.4,1.8,0.44,0.411,0.889,19.2,0.8,6.2,1.9,2.0,0.429,0.412,1.0,14.1,0.6,14.3,3.8,3.5,0.472,0.407,0.845,28.4,1.0
Peyton Watson,2022,30,3.3,1.6,0.5,0.492,0.429,0.55,8.1,0.3,6.7,3.2,1.1,0.465,0.296,0.67,18.6,0.7,,,,,,,,
Precious Achiuwa,2020,20,5.0,3.4,0.5,0.544,0.0,0.509,12.1,0.7,9.1,6.5,1.1,0.439,0.359,0.595,23.6,1.2,6.6,5.6,1.0,0.502,0.278,0.594,20.5,0.8
Quentin Grimes,2021,25,6.0,2.0,1.0,0.404,0.381,0.684,17.1,0.6,11.3,3.2,2.1,0.468,0.386,0.796,29.9,1.0,12.7,3.8,3.6,0.439,0.341,0.859,29.9,1.9
Quinndary Weatherspoon,2019,49,1.1,0.6,1.0,0.294,0.2,0.5,7.1,0.5,2.3,0.6,0.4,0.457,0.167,0.813,6.1,0.5,,,,,,,,
R.J. Hampton,2020,24,2.6,2.0,0.6,0.417,0.278,0.75,9.3,0.4,7.6,3.0,2.5,0.383,0.35,0.641,21.9,1.4,,,,,,,,
RJ Barrett,2019,3,14.3,5.0,2.6,0.402,0.32,0.614,30.4,2.2,17.6,5.8,3.0,0.441,0.401,0.746,34.9,1.9,18.2,4.3,2.4,0.423,0.331,0.831,29.5,1.8
RJ Hunter,2015,28,2.7,1.0,0.4,0.367,0.302,0.857,8.8,0.3,0.0,0.3,0.0,0.0,0.0,0.0,3.0,0.0,,,,,,,,
Rakeem Christmas,2015,36,4.0,1.0,0.0,1.0,0.0,0.0,6.0,0.0,2.0,1.9,0.1,0.442,0.0,0.724,7.6,0.3,,,,,,,,
Rashad Vaughn,2015,17,3.1,1.3,0.6,0.305,0.293,0.8,14.3,0.4,3.5,1.2,0.6,0.365,0.321,0.4,11.2,0.3,,,,,,,,
Ray McCallum,2013,36,6.2,1.8,2.7,0.377,0.373,0.744,19.9,0.9,7.4,2.6,2.8,0.438,0.306,0.679,21.1,1.3,,,,,,,,
Reggie Bullock Jr.,2013,25,2.7,1.3,0.3,0.355,0.301,0.778,9.2,0.3,2.6,1.6,0.2,0.426,0.385,0.8,10.5,0.2,11.3,2.5,1.5,0.489,0.445,0.796,27.9,0.8
Reggie Perry,2020,57,3.0,2.8,0.5,0.41,0.19,0.769,8.1,0.6,2.0,1.0,0.0,1.0,0.0,0.0,10.0,0.0,,,,,,,,
Richaun Holmes,2015,37,5.6,2.6,0.6,0.514,0.182,0.689,13.8,0.6,9.8,5.5,1.0,0.558,0.351,0.699,20.9,1.0,12.3,8.1,1.0,0.648,0.0,0.788,28.2,1.2
Ricky Ledo,2013,43,1.7,0.2,0.2,0.353,0.375,1.0,3.0,0.2,0.2,0.4,0.2,0.0,0.0,0.5,2.2,0.4,,,,,,,,
Robert Williams III,2018,27,2.5,2.5,0.2,0.706,0.0,0.6,8.8,0.3,5.2,4.4,0.9,0.727,0.0,0.647,13.4,0.7,8.0,8.3,1.4,0.747,0.0,0.61,23.5,1.0
Robert Woodard II,2020,40,1.5,1.2,0.2,0.4,0.167,0.375,3.5,0.1,0.6,0.9,0.3,0.125,0.25,1.0,3.5,0.1,,,,,,,,
Rodions Kurucs,2018,40,8.5,3.9,0.8,0.45,0.315,0.783,20.5,1.2,4.6,2.9,1.1,0.446,0.367,0.632,14.6,1.0,,,,,,,,
Rodney Hood,2014,23,8.7,2.3,1.7,0.414,0.365,0.763,21.3,0.9,14.5,3.4,2.7,0.42,0.359,0.86,32.2,1.6,12.2,2.5,2.0,0.427,0.362,0.912,27.4,0.8
Romeo Langford,2019,14,2.5,1.3,0.4,0.35,0.185,0.72,11.6,0.3,3.1,1.9,0.7,0.356,0.278,0.75,15.7,0.6,,,,,,,,
Rondae Hollis-Jefferson,2015,23,5.8,5.3,1.5,0.457,0.286,0.712,21.2,0.9,8.7,5.8,2.0,0.434,0.224,0.751,22.6,1.5,7.0,4.7,1.8,0.471,0.13,0.734,18.7,1.0
Rudy Gobert,2013,27,2.3,3.4,0.2,0.486,0.0,0.492,9.6,0.7,8.4,9.5,1.3,0.604,0.0,0.623,26.3,1.4,13.5,10.7,1.4,0.622,0.0,0.682,32.4,1.9
Rui Hachimura,2019,9,13.5,6.1,1.8,0.466,0.287,0.829,30.1,1.1,13.8,5.5,1.4,0.478,0.328,0.77,31.5,1.2,13.6,4.3,1.2,0.537,0.422,0.739,26.8,0.7
Russ Smith,2014,47,0.8,0.5,0.3,0.2,0.167,0.0,4.8,1.2,1.5,0.6,0.7,0.318,0.2,0.615,4.4,0.5,,,,,,,,
Ryan Kelly,2013,48,8.0,3.7,1.6,0.423,0.338,0.815,22.2,0.8,6.4,2.8,1.8,0.337,0.336,0.832,23.7,0.7,,,,,,,,
Ryan Rollins,2022,44,1.9,1.0,0.5,0.35,0.333,1.0,5.2,1.3,4.1,1.1,1.1,0.52,0.667,0.765,6.6,0.7,,,,,,,,
Saben Lee,2020,38,5.6,2.0,3.6,0.471,0.348,0.685,16.3,1.1,5.6,2.4,2.9,0.39,0.233,0.789,16.3,1.0,,,,,,,,
Saddiq Bey,2020,19,12.2,4.5,1.4,0.404,0.38,0.844,27.3,0.9,16.1,5.4,2.8,0.396,0.346,0.827,33.0,1.2,,,,,,,,
Sam Dekker,2015,18,0.0,0.3,0.0,0.0,0.0,0.0,2.0,0.0,6.5,3.7,1.0,0.473,0.321,0.559,18.4,0.5,,,,,,,,
Sam Merrill,2020,60,3.0,1.0,0.7,0.444,0.447,1.0,7.8,0.3,4.2,1.2,0.7,0.333,0.304,0.5,9.7,0.3,7.2,2.2,1.5,0.406,0.372,0.966,19.7,0.5
Sandro Mamukelashvili,2021,54,3.8,2.0,0.5,0.496,0.423,0.818,9.9,0.4,2.4,2.3,0.7,0.328,0.219,0.667,9.0,0.4,11.4,5.1,1.9,0.525,0.383,0.764,22.6,0.9
Santi Aldama,2021,30,4.1,2.7,0.7,0.402,0.125,0.625,11.3,0.5,9.0,4.8,1.3,0.47,0.353,0.75,21.8,0.8,14.0,6.7,2.9,0.479,0.35,0.667,27.9,1.3
Scottie Barnes,2021,4,15.3,7.5,3.5,0.492,0.301,0.735,35.4,1.8,15.3,6.6,4.8,0.456,0.281,0.772,34.8,2.0,19.3,8.4,5.6,0.504,0.301,0.82,34.4,2.6
Sekou Doumbouya,2019,15,6.4,3.1,0.5,0.39,0.286,0.674,19.8,0.9,5.1,2.6,0.8,0.379,0.226,0.703,15.5,0.8,,,,,,,,
Semi Ojeleye,2017,37,2.7,2.2,0.3,0.346,0.32,0.61,15.8,0.3,3.3,1.5,0.4,0.424,0.315,0.615,10.6,0.3,2.9,2.9,0.3,0.257,0.268,0.769,15.4,0.3
Sergey Karasev,2013,19,1.7,0.7,0.3,0.343,0.211,0.9,7.1,0.5,4.6,2.0,1.4,0.403,0.296,0.763,16.8,0.7,,,,,,,,
Shabazz Muhammad,2013,14,3.9,1.4,0.2,0.46,0.273,0.65,7.8,0.4,13.5,4.1,1.2,0.489,0.392,0.717,22.8,0.9,3.8,1.4,0.2,0.388,0.211,0.71,9.4,0.2
Shabazz Napier,2014,24,5.1,2.2,2.5,0.382,0.364,0.786,19.8,1.6,3.7,1.0,1.8,0.338,0.327,0.733,10.9,0.8,9.4,1.8,2.6,0.389,0.333,0.833,17.6,1.2
Shaedon Sharpe,2022,7,9.9,3.0,1.2,0.472,0.36,0.714,22.2,1.0,15.9,5.0,2.9,0.406,0.333,0.824,33.1,2.3,,,,,,,,
Shai Gilgeous-Alexander,2018,11,10.8,2.8,3.3,0.476,0.367,0.8,26.5,1.7,19.0,5.9,3.3,0.471,0.347,0.807,34.7,1.9,31.4,4.8,5.5,0.51,0.345,0.905,35.5,2.8
Shake Milton,2018,54,4.4,1.8,0.9,0.391,0.318,0.714,13.4,0.3,9.4,2.2,2.6,0.484,0.43,0.785,20.1,1.2,8.4,2.5,3.2,0.479,0.378,0.853,20.6,1.2
Shane Larkin,2013,18,2.8,0.9,1.5,0.38,0.316,0.64,10.2,0.8,6.2,2.3,3.0,0.433,0.302,0.782,24.5,1.1,4.3,1.7,1.8,0.384,0.36,0.865,14.4,0.6
Sharife Cooper,2021,48,0.5,0.4,0.4,0.214,0.167,0.0,3.0,0.4,,,,,,,,,5.8,2.3,1.9,0.538,0.474,0.714,14.3,1.5
Sindarius Thornwell,2017,48,3.9,1.9,0.9,0.429,0.377,0.67,15.8,0.7,1.0,0.7,0.3,0.347,0.2,0.735,4.9,0.3,,,,,,,,
Skal Labissiere,2016,28,8.8,4.9,0.8,0.537,0.375,0.703,18.5,1.1,8.7,4.8,1.2,0.448,0.353,0.805,20.7,1.2,,,,,,,,
Skylar Mays,2020,50,3.8,1.1,0.9,0.449,0.35,0.88,8.2,0.3,2.9,0.9,0.6,0.5,0.32,0.889,7.9,0.4,,,,,,,,
Solomon Hill,2013,23,1.7,1.5,0.4,0.425,0.304,0.857,8.1,0.5,8.9,3.8,2.2,0.396,0.327,0.824,29.0,1.4,2.4,3.0,1.8,0.268,0.19,0.5,15.6,0.8
Spencer Dinwiddie,2014,38,4.3,1.4,3.1,0.302,0.185,0.912,13.4,1.0,4.8,1.4,1.8,0.352,0.1,0.576,13.3,0.6,16.8,2.4,4.6,0.442,0.335,0.806,28.1,2.2
Stanley Johnson,2015,8,8.1,4.2,1.6,0.375,0.307,0.784,23.1,1.6,4.4,2.5,1.4,0.353,0.292,0.679,17.8,0.9,2.4,1.5,0.8,0.373,0.292,0.563,6.0,0.6
Sterling Brown,2017,46,4.0,2.6,0.5,0.4,0.352,0.875,14.4,0.5,6.4,3.2,1.4,0.465,0.361,0.69,17.8,0.8,3.3,3.0,0.7,0.381,0.304,0.933,12.8,0.5
Steven Adams,2013,12,3.3,4.1,0.5,0.503,0.0,0.581,14.8,0.9,7.7,7.5,0.9,0.544,0.0,0.502,25.3,1.4,13.9,9.0,1.2,0.629,0.0,0.559,32.7,1.7
Svi Mykhailiuk,2018,47,3.3,0.9,0.8,0.333,0.318,0.6,10.8,0.5,9.0,1.9,1.9,0.41,0.404,0.814,22.6,1.1,1.6,0.5,0.1,0.5,0.6,0.6,3.1,0.2
T.J. Leaf,2017,18,2.9,1.5,0.2,0.471,0.429,0.625,8.7,0.2,3.9,2.2,0.4,0.541,0.258,0.613,9.0,0.2,,,,,,,,
T.J. Warren,2014,14,6.1,2.1,0.6,0.528,0.238,0.737,15.4,0.7,11.0,3.1,0.9,0.501,0.4,0.703,22.8,0.7,18.0,4.0,1.5,0.486,0.428,0.815,31.6,1.2
Talen Horton-Tucker,2019,46,5.7,1.2,1.0,0.467,0.308,0.5,13.5,1.0,9.0,2.6,2.8,0.458,0.282,0.775,20.1,1.6,10.1,2.4,3.5,0.396,0.33,0.807,19.8,1.3
Tari Eason,2022,17,9.3,6.0,1.1,0.448,0.343,0.752,21.5,1.2,9.8,7.0,1.2,0.466,0.36,0.636,21.8,0.9,,,,,,,,
Taurean Prince,2016,12,5.7,2.7,0.9,0.4,0.324,0.787,16.6,1.0,14.1,4.7,2.6,0.426,0.385,0.844,30.0,2.3,8.1,2.8,0.6,0.405,0.351,0.889,18.2,0.9
Terance Mann,2019,48,2.4,1.3,1.3,0.468,0.35,0.667,8.8,0.4,7.0,3.6,1.6,0.509,0.418,0.83,18.9,0.6,8.8,3.4,1.6,0.515,0.348,0.832,25.0,0.6
Terrance Ferguson,2017,21,3.1,0.8,0.3,0.414,0.333,0.9,12.5,0.2,6.9,1.9,1.0,0.429,0.366,0.725,26.1,0.6,,,,,,,,
Terrence Ross,2012,8,6.4,2.0,0.7,0.407,0.332,0.714,17.0,0.7,10.9,3.1,1.0,0.423,0.395,0.837,26.7,1.1,10.4,2.6,0.8,0.441,0.375,0.82,22.4,0.6
Terry Rozier,2015,16,1.8,1.6,0.9,0.274,0.222,0.8,8.0,0.5,5.5,3.1,1.8,0.367,0.318,0.773,17.1,0.6,18.0,4.4,4.1,0.423,0.407,0.874,34.4,2.2
Theo Maledon,2020,34,10.1,3.2,3.5,0.368,0.335,0.748,27.4,2.2,7.1,2.6,2.2,0.375,0.293,0.79,17.8,1.3,,,,,,,,
Thomas Bryant,2017,42,1.5,1.1,0.4,0.381,0.1,0.556,4.8,0.1,10.5,6.3,1.3,0.616,0.333,0.781,20.8,0.8,7.4,4.0,0.9,0.52,0.286,0.875,16.3,0.7
Thon Maker,2016,10,4.0,2.0,0.4,0.459,0.378,0.653,9.9,0.3,4.8,3.0,0.6,0.411,0.298,0.699,16.7,0.6,3.8,2.3,0.5,0.556,0.0,0.909,9.5,0.4
Tim Hardaway Jr.,2013,24,10.2,1.5,0.8,0.428,0.363,0.828,23.1,0.6,11.5,2.2,1.8,0.389,0.342,0.801,24.0,1.2,17.5,3.9,2.7,0.421,0.317,0.816,33.1,1.6
Timothe Luwawu-Cabarrot,2016,24,6.4,2.2,1.1,0.402,0.311,0.854,17.2,1.1,5.8,1.4,1.0,0.375,0.335,0.793,15.5,0.7,6.4,2.2,1.2,0.365,0.314,0.814,18.1,0.7
Tony Bradley,2017,28,0.9,1.2,0.1,0.273,0.0,1.0,3.2,0.0,5.7,5.0,0.3,0.5,0.0,0.5,12.0,1.0,3.0,3.4,0.5,0.585,0.0,0.655,10.0,0.6
Tony Snell,2013,20,4.5,1.6,0.9,0.384,0.32,0.756,16.0,0.6,6.0,2.4,0.9,0.429,0.371,0.8,19.6,0.7,6.9,1.9,1.3,0.435,0.403,0.792,27.4,0.5
Trae Young,2018,5,19.1,3.7,8.1,0.418,0.324,0.829,30.9,3.8,29.6,4.3,9.3,0.437,0.361,0.86,35.3,4.8,26.2,3.0,10.2,0.429,0.335,0.886,34.8,4.1
Tre Jones,2020,41,2.5,0.6,1.1,0.474,0.6,0.895,7.3,0.4,6.0,2.2,3.4,0.49,0.196,0.78,16.6,0.7,4.4,2.1,3.7,0.484,0.308,0.758,16.1,0.8
Tre Mann,2021,18,10.4,2.9,1.5,0.393,0.36,0.793,22.8,1.2,7.7,2.3,1.8,0.393,0.315,0.764,17.7,0.9,7.1,2.3,2.1,0.365,0.331,0.857,16.0,1.3
Tremont Waters,2019,51,3.6,1.1,1.5,0.286,0.167,1.0,10.8,1.4,3.8,0.8,2.4,0.405,0.395,0.941,9.2,1.0,,,,,,,,
Trey Burke,2013,9,12.8,3.0,5.7,0.38,0.33,0.903,32.3,1.9,12.8,2.7,4.3,0.368,0.318,0.752,30.1,1.6,12.8,2.0,4.7,0.503,0.362,0.649,21.8,1.2
Trey Lyles,2015,12,6.1,3.7,0.7,0.438,0.383,0.695,17.3,0.8,6.2,3.3,1.0,0.362,0.319,0.722,16.3,0.9,6.4,5.7,1.1,0.446,0.387,0.733,20.2,0.6
Trey Murphy III,2021,17,5.4,2.4,0.6,0.394,0.382,0.882,13.9,0.3,14.5,3.6,1.4,0.484,0.406,0.905,31.0,0.8,22.1,5.7,3.8,0.476,0.378,0.892,35.6,1.8
Troy Brown Jr.,2018,15,4.8,2.8,1.5,0.415,0.319,0.681,14.0,0.6,10.4,5.6,2.6,0.439,0.341,0.784,25.8,1.1,7.1,4.1,1.3,0.43,0.381,0.872,24.5,0.6
Ty Jerome,2019,24,3.3,1.5,1.4,0.336,0.28,0.75,10.6,0.6,10.7,2.8,3.6,0.446,0.423,0.765,23.9,1.4,2.0,0.5,1.5,0.5,0.0,0.0,7.5,0.5
TyTy Washington Jr.,2022,29,4.7,1.5,1.5,0.363,0.238,0.556,14.0,0.5,1.3,0.5,0.5,0.3,0.333,0.0,5.1,0.2,,,,,,,,
Tyler Dorsey,2017,41,7.2,2.3,1.4,0.377,0.362,0.714,17.4,0.7,3.3,1.6,0.6,0.36,0.256,0.615,9.3,0.4,,,,,,,,
Tyler Ennis,2014,18,2.8,0.9,1.8,0.429,0.333,1.0,7.3,1.0,4.5,1.6,2.1,0.449,0.333,0.735,14.2,1.0,,,,,,,,
Tyler Herro,2019,13,13.5,4.1,2.2,0.428,0.389,0.87,27.4,1.6,15.1,5.0,3.4,0.439,0.36,0.803,30.3,1.9,20.8,5.3,4.5,0.441,0.396,0.856,33.5,2.2
Tyler Lydon,2017,24,0.0,0.0,0.0,0.0,0.0,0.0,2.0,0.0,0.9,0.7,0.2,0.5,0.4,0.333,3.8,0.2,,,,,,,,
Tyler Ulis,2016,34,7.3,1.6,3.7,0.421,0.266,0.775,18.4,1.3,7.8,1.8,4.4,0.388,0.288,0.832,23.4,1.8,,,,,,,,
Tyrell Terry,2020,31,1.0,0.5,0.5,0.313,0.0,0.333,5.1,0.2,1.0,0.0,0.0,1.0,0.0,0.0,1.5,0.0,,,,,,,,
Tyrese Haliburton,2020,12,13.0,3.0,5.3,0.472,0.409,0.857,30.1,1.6,14.3,3.9,7.4,0.457,0.413,0.837,34.5,2.3,18.6,3.5,9.2,0.473,0.388,0.851,33.6,1.6
Tyrese Maxey,2020,21,8.0,1.7,2.0,0.462,0.301,0.871,15.3,0.7,17.5,3.2,4.3,0.485,0.427,0.866,35.3,1.2,26.3,3.3,6.1,0.437,0.337,0.879,37.7,2.4
Tyus Jones,2015,24,4.2,1.3,2.9,0.359,0.302,0.718,15.5,0.9,3.5,1.1,2.6,0.414,0.356,0.767,12.9,0.6,7.4,1.6,4.4,0.459,0.379,0.741,19.0,0.8
Udoka Azubuike,2020,27,1.1,0.9,0.0,0.444,0.0,0.8,3.8,0.2,4.7,4.2,0.0,0.755,0.0,0.545,11.5,0.7,,,,,,,,
Usman Garuba,2021,23,2.0,3.5,0.7,0.432,0.25,0.714,10.0,0.3,3.0,4.1,0.9,0.486,0.407,0.617,12.9,0.6,,,,,,,,
Vernon Carey Jr.,2020,32,2.4,1.4,0.1,0.5,0.143,0.818,6.1,0.3,2.0,1.3,0.0,0.5,0.0,0.667,4.3,0.3,,,,,,,,
Victor Oladipo,2013,2,13.8,4.1,4.1,0.419,0.327,0.78,31.1,3.2,17.9,4.2,4.1,0.436,0.339,0.819,35.7,2.8,23.1,5.2,4.3,0.477,0.371,0.799,34.0,2.9
Vince Williams Jr.,2022,47,2.0,1.0,0.3,0.3,0.143,1.0,7.0,0.3,10.0,5.6,3.4,0.446,0.378,0.8,27.6,1.8,,,,,,,,
Vít Krejčí,2020,37,,,,,,,,,6.2,3.4,1.9,0.407,0.327,0.864,23.0,1.0,7.2,2.7,2.6,0.497,0.437,0.711,20.2,0.9
Wade Baldwin IV,2016,17,3.2,1.4,1.8,0.313,0.136,0.838,12.3,1.2,5.4,1.1,0.7,0.667,0.8,0.6,11.4,0.6,,,,,,,,
Walker Kessler,2022,22,9.2,8.4,0.9,0.72,0.333,0.516,23.0,0.8,8.1,7.5,0.9,0.654,0.211,0.602,23.3,1.0,,,,,,,,
Wendell Carter Jr.,2018,7,10.3,7.0,1.8,0.485,0.188,0.795,25.2,1.5,11.3,9.4,1.2,0.534,0.207,0.737,29.2,1.7,15.2,8.7,2.3,0.525,0.356,0.738,29.6,1.9
Wendell Moore Jr.,2022,26,1.4,0.6,0.6,0.419,0.118,0.8,5.3,0.3,0.7,0.5,0.2,0.5,0.0,0.0,3.0,0.2,,,,,,,,
Wes Iwundu,2017,33,3.7,2.2,0.9,0.427,0.196,0.723,16.5,0.5,5.0,2.7,1.1,0.412,0.367,0.816,18.1,0.6,7.3,4.3,0.0,0.444,0.6,0.75,27.3,0.3
Willie Cauley-Stein,2015,6,7.0,5.3,0.6,0.563,0.0,0.648,21.4,0.7,8.1,4.5,1.1,0.53,0.0,0.669,18.9,0.9,7.9,6.2,1.5,0.56,0.0,0.614,23.0,0.9
Willy Hernangomez,2015,35,,,,,,,,,8.2,7.0,1.3,0.529,0.267,0.728,18.4,1.4,6.1,4.3,0.9,0.532,0.227,0.627,12.1,1.0
Xavier Tillman,2020,35,6.6,4.3,1.3,0.559,0.338,0.642,18.4,0.8,4.8,3.0,1.2,0.454,0.204,0.648,13.2,0.6,1.0,1.3,0.2,0.245,0.156,0.75,7.0,0.4
Zach Collins,2017,10,4.4,3.3,0.8,0.398,0.31,0.643,15.8,0.9,6.6,4.2,0.9,0.473,0.331,0.746,17.6,1.0,7.8,5.5,2.2,0.49,0.341,0.8,17.9,1.6
Zach LaVine,2014,13,10.1,2.8,3.6,0.422,0.341,0.842,24.7,2.5,14.0,2.8,3.1,0.452,0.389,0.793,28.0,1.9,23.7,4.7,4.5,0.467,0.374,0.832,34.5,3.4
Zeke Nnaji,2020,22,3.2,1.5,0.2,0.481,0.407,0.8,9.5,0.2,6.6,3.6,0.4,0.516,0.463,0.631,17.0,0.6,3.2,1.6,0.4,0.496,0.327,0.614,10.7,0.2
Zhaire Smith,2018,16,6.7,2.2,1.7,0.412,0.375,0.75,18.5,1.0,1.1,0.3,0.3,0.273,0.0,0.5,4.6,0.3,,,,,,,,
Ziaire Williams,2021,10,8.1,2.1,1.0,0.45,0.314,0.782,21.7,0.7,5.7,2.1,0.9,0.429,0.258,0.773,15.2,1.0,9.7,2.6,0.8,0.417,0.323,0.859,23.0,1.1
Zion Williamson,2019,1,22.5,6.3,2.1,0.583,0.429,0.64,27.8,2.5,27.0,7.2,3.7,0.611,0.294,0.698,33.2,2.7,22.9,5.8,5.0,0.57,0.333,0.702,31.5,2.8
